record_id,station_id,user_name,start_time,end_time,duration_h,energy_kwh,unit_price,service_fee,cost,finished,payment_method
1,793,李四,2024-11-18 05:40:00,2024-11-18 13:40:00,8.00,337.12,0.85,0.36,407.92,1,校园一卡通
2,947,钱七,2024-11-20 07:49:00,2024-11-20 14:49:00,7.00,188.16,1.42,0.54,368.79,1,校园一卡通
3,617,孙八,2025-05-28 05:25:00,2025-05-28 07:25:00,2.20,227.81,1.14,0.51,375.89,1,银行卡
4,451,黄明,2024-08-24 09:27:00,2024-08-24 10:27:00,1.00,31.02,1.06,0.64,52.73,1,银行卡
5,173,朱磊,2024-08-03 20:23:00,2024-08-03 03:23:00,7.40,202.46,0.98,0.54,307.75,1,支付宝
6,802,周九,2025-10-10 16:33:00,2025-10-10 18:33:00,2.20,371.32,1.19,0.45,608.96,1,支付宝
7,325,郭伟,2024-08-05 07:34:00,2024-08-05 10:34:00,3.50,138.60,1.36,0.38,241.16,1,银行卡
8,490,林小,2024-07-09 01:50:00,2024-07-09 04:50:00,3.70,354.98,1.35,0.40,621.21,1,支付宝
9,576,李四,2024-12-15 03:35:00,2024-12-15 06:35:00,3.40,145.04,1.07,0.50,227.72,1,银行卡
10,756,吴十,2025-09-15 10:41:00,2025-09-15 12:41:00,2.70,292.57,1.02,0.42,421.30,1,校园一卡通
11,89,王五,2025-09-10 02:59:00,2025-09-10 07:59:00,5.30,576.64,1.16,0.58,1003.35,1,校园一卡通
12,958,林小,2025-05-09 23:28:00,2025-05-09 23:28:00,0.90,121.36,1.36,0.40,213.60,1,微信
13,639,王二,2025-11-11 23:47:00,2025-11-11 02:47:00,3.10,411.96,1.22,0.50,708.57,1,微信
14,92,杨帆,2025-07-21 15:44:00,2025-07-21 23:44:00,8.20,395.57,1.32,0.51,723.89,1,校园一卡通
15,76,胡涛,2024-12-10 05:41:00,2024-12-10 05:41:00,0.50,43.24,1.22,0.45,72.22,1,银行卡
16,297,赵六,2025-06-20 22:07:00,2025-06-20 01:07:00,3.90,212.78,1.45,0.40,393.65,1,支付宝
17,608,刘强,2025-07-13 22:17:00,2025-07-13 02:17:00,4.40,140.01,1.23,0.68,267.42,1,银行卡
18,581,郭伟,2024-02-19 12:55:00,2024-02-19 19:55:00,7.40,314.94,0.97,0.59,491.31,1,支付宝
19,151,杨帆,2024-04-10 11:37:00,2024-04-10 19:37:00,8.10,1006.99,1.14,0.55,1701.82,1,微信
20,752,郭伟,2024-02-16 06:57:00,2024-02-16 10:57:00,4.90,384.99,0.93,0.32,481.24,1,支付宝
21,8,张三,2025-10-12 23:49:00,2025-10-12 04:49:00,5.60,748.33,0.82,0.35,875.54,1,银行卡
22,247,钱七,2025-12-05 19:22:00,2025-12-05 23:22:00,4.00,520.80,1.44,0.58,1052.02,1,微信
23,990,孙八,2024-12-17 08:03:00,2024-12-17 15:03:00,7.30,901.84,1.51,0.52,1830.74,1,支付宝
24,94,周九,2025-06-01 09:44:00,2025-06-01 16:44:00,7.60,177.54,1.19,0.63,323.12,1,支付宝
25,876,陈大,2025-04-11 09:45:00,2025-04-11 11:45:00,2.40,240.67,1.00,0.45,348.97,1,银行卡
26,671,郭伟,2024-12-01 01:31:00,2024-12-01 06:31:00,5.30,245.92,1.36,0.35,420.52,1,微信
27,741,张三,2025-05-21 01:52:00,2025-05-21 07:52:00,6.80,1079.57,1.06,0.61,1802.88,1,微信
28,58,陈大,2024-07-24 16:05:00,2024-07-24 19:05:00,3.50,470.68,0.81,0.52,626.00,1,校园一卡通
29,858,何勇,2024-11-08 00:24:00,2024-11-08 03:24:00,3.40,362.10,1.22,0.44,601.09,1,支付宝
30,173,黄明,2025-04-17 23:55:00,2025-04-17 03:55:00,4.40,699.95,1.15,0.54,1182.92,1,微信
31,159,吴十,2025-08-02 11:01:00,2025-08-02 12:01:00,1.00,28.47,1.26,0.38,46.69,1,校园一卡通
32,646,王五,2024-05-09 05:42:00,2024-05-09 07:42:00,2.10,126.08,1.43,0.64,260.99,1,微信
33,167,孙八,2024-05-21 21:50:00,2024-05-21 22:50:00,1.80,142.13,1.15,0.31,207.51,1,支付宝
34,6,林小,2024-06-21 18:31:00,2024-06-21 19:31:00,1.50,240.24,1.12,0.46,379.58,1,校园一卡通
35,247,赵六,2025-06-08 17:11:00,2025-06-08 00:11:00,7.30,876.88,0.91,0.64,1359.16,1,银行卡
36,600,赵六,2025-11-14 23:07:00,2025-11-14 04:07:00,5.10,838.95,0.90,0.32,1023.52,1,银行卡
37,641,杨帆,2024-11-27 05:20:00,2024-11-27 12:20:00,7.00,338.10,1.13,0.48,544.34,1,支付宝
38,498,刘强,2024-05-16 21:53:00,2024-05-16 05:53:00,8.10,469.48,1.46,0.43,887.31,1,支付宝
39,265,周九,2025-07-20 09:27:00,2025-07-20 10:27:00,1.80,192.51,1.09,0.54,313.79,1,银行卡
40,898,朱磊,2024-07-20 03:31:00,2024-07-20 03:31:00,0.50,70.95,1.59,0.38,139.77,1,银行卡
41,589,赵六,2025-09-13 15:06:00,2025-09-13 21:06:00,6.80,1144.44,1.38,0.54,2197.32,1,银行卡
42,205,刘强,2024-07-09 20:34:00,2024-07-09 00:34:00,4.30,358.71,0.97,0.31,459.14,1,支付宝
43,720,孙八,2025-08-23 05:26:00,2025-08-23 06:26:00,1.20,104.28,1.16,0.50,173.10,1,支付宝
44,348,孙八,2025-09-03 08:53:00,2025-09-03 11:53:00,3.70,351.72,1.12,0.30,499.45,1,支付宝
45,271,钱七,2024-03-16 17:43:00,2024-03-16 01:43:00,8.10,1310.74,0.86,0.43,1690.86,1,微信
46,16,李四,2024-11-17 01:01:00,2024-11-17 06:01:00,5.80,330.48,1.35,0.42,584.96,1,银行卡
47,800,胡涛,2024-03-13 04:45:00,2024-03-13 07:45:00,3.00,311.64,1.16,0.39,483.04,1,银行卡
48,343,林小,2024-05-25 01:20:00,2024-05-25 09:20:00,8.10,883.39,0.80,0.59,1227.91,0,支付宝
49,783,孙八,2024-08-26 18:14:00,2024-08-26 18:14:00,0.90,41.04,1.01,0.37,56.64,1,支付宝
50,423,陈大,2025-02-09 17:35:00,2025-02-09 21:35:00,4.50,628.16,0.82,0.40,766.35,1,支付宝
51,394,周九,2024-05-05 16:04:00,2024-05-05 19:04:00,3.80,251.64,1.17,0.46,410.17,1,微信
52,346,何勇,2024-04-10 05:56:00,2024-04-10 06:56:00,1.10,84.22,0.89,0.58,123.80,1,校园一卡通
53,880,林小,2024-03-09 07:09:00,2024-03-09 09:09:00,2.90,422.53,1.21,0.30,638.02,1,校园一卡通
54,818,王二,2024-04-27 14:39:00,2024-04-27 21:39:00,7.40,1086.91,1.02,0.64,1804.27,1,校园一卡通
55,885,胡涛,2024-03-16 23:36:00,2024-03-16 04:36:00,5.50,212.96,1.14,0.36,319.44,1,微信
56,71,陈大,2025-10-10 07:20:00,2025-10-10 12:20:00,5.80,756.90,0.88,0.51,1052.09,0,微信
57,57,张三,2024-04-15 08:11:00,2024-04-15 12:11:00,4.60,264.04,1.34,0.30,433.03,1,微信
58,262,何勇,2025-07-15 21:14:00,2025-07-15 01:14:00,4.00,496.32,1.54,0.69,1106.79,1,银行卡
59,586,王二,2025-04-10 21:07:00,2025-04-10 23:07:00,2.00,108.04,1.07,0.64,184.75,1,银行卡
60,693,郑一,2025-07-04 08:10:00,2025-07-04 12:10:00,4.00,570.72,1.41,0.45,1061.54,1,银行卡
61,102,李四,2025-01-06 09:43:00,2025-01-06 15:43:00,6.80,333.20,1.35,0.54,629.75,1,校园一卡通
62,972,王五,2025-04-10 07:10:00,2025-04-10 15:10:00,8.30,1248.98,1.04,0.30,1673.64,1,校园一卡通
63,493,孙八,2025-03-09 07:29:00,2025-03-09 09:29:00,2.50,145.25,0.85,0.39,180.11,1,银行卡
64,221,何勇,2024-11-28 19:19:00,2024-11-28 00:19:00,5.10,306.20,1.58,0.57,658.34,1,校园一卡通
65,830,孙八,2024-04-08 12:53:00,2024-04-08 16:53:00,4.30,135.62,0.89,0.37,170.88,1,银行卡
66,671,周九,2025-11-04 17:36:00,2025-11-04 21:36:00,4.50,282.15,0.95,0.48,403.47,1,校园一卡通
67,529,钱七,2025-08-15 15:07:00,2025-08-15 19:07:00,4.90,815.26,1.03,0.66,1377.79,1,支付宝
68,367,黄明,2025-04-15 06:25:00,2025-04-15 13:25:00,7.90,220.41,1.47,0.60,456.25,1,校园一卡通
69,597,王二,2024-01-02 12:54:00,2024-01-02 13:54:00,1.90,283.38,1.12,0.61,490.26,1,校园一卡通
70,112,刘强,2025-10-03 06:40:00,2025-10-03 13:40:00,7.40,671.77,1.31,0.33,1101.71,1,微信
71,570,周九,2025-10-02 21:30:00,2025-10-02 04:30:00,7.80,232.13,1.09,0.45,357.48,1,微信
72,341,吴十,2025-05-12 06:59:00,2025-05-12 12:59:00,6.50,333.77,1.53,0.48,670.89,1,校园一卡通
73,225,胡涛,2024-07-03 02:47:00,2024-07-03 03:47:00,1.40,41.16,1.43,0.36,73.68,1,银行卡
74,387,郑一,2025-07-19 02:54:00,2025-07-19 06:54:00,4.90,267.54,1.22,0.68,508.33,1,校园一卡通
75,115,林小,2024-08-24 18:14:00,2024-08-24 21:14:00,3.80,114.30,1.35,0.56,218.32,1,银行卡
76,212,钱七,2024-04-23 17:18:00,2024-04-23 23:18:00,6.70,542.30,1.29,0.66,1057.48,1,校园一卡通
77,871,林小,2025-03-03 17:09:00,2025-03-03 01:09:00,8.30,511.28,0.98,0.30,654.44,1,校园一卡通
78,498,吴十,2025-08-26 07:57:00,2025-08-26 15:57:00,8.00,218.88,1.58,0.42,437.76,1,银行卡
79,184,高峰,2024-02-15 13:14:00,2024-02-15 18:14:00,5.00,390.60,1.53,0.39,749.95,1,微信
80,368,张三,2025-03-06 11:15:00,2025-03-06 13:15:00,2.00,115.90,1.44,0.42,215.57,1,支付宝
81,285,钱七,2024-05-27 04:35:00,2024-05-27 10:35:00,6.30,484.79,1.35,0.39,843.53,1,校园一卡通
82,999,黄明,2024-01-05 03:22:00,2024-01-05 05:22:00,2.30,273.13,0.80,0.53,363.26,1,支付宝
83,34,王二,2024-03-12 15:44:00,2024-03-12 18:44:00,3.20,111.36,1.38,0.36,193.77,1,银行卡
84,295,高峰,2024-12-05 12:22:00,2024-12-05 14:22:00,2.30,82.52,1.59,0.56,177.43,1,支付宝
85,264,陈大,2025-07-01 05:33:00,2025-07-01 13:33:00,8.10,462.02,1.10,0.52,748.48,1,银行卡
86,228,吴十,2024-11-15 13:16:00,2024-11-15 15:16:00,2.60,229.32,1.13,0.62,401.31,0,校园一卡通
87,720,刘强,2024-06-10 17:31:00,2024-06-10 23:31:00,6.50,244.59,1.19,0.66,452.50,1,支付宝
88,690,赵六,2025-11-13 14:07:00,2025-11-13 22:07:00,8.20,731.85,1.22,0.68,1390.52,1,微信
89,333,刘强,2025-12-27 13:10:00,2025-12-27 17:10:00,4.40,472.47,1.43,0.33,831.55,1,微信
90,764,林小,2024-08-22 21:48:00,2024-08-22 03:48:00,6.50,330.46,1.05,0.46,498.99,1,微信
91,603,黄明,2025-11-02 19:40:00,2025-11-02 21:40:00,2.50,300.38,0.80,0.57,411.51,1,银行卡
92,818,黄明,2025-08-02 17:57:00,2025-08-02 00:57:00,7.90,812.59,0.99,0.35,1088.88,1,银行卡
93,234,高峰,2024-11-23 01:36:00,2024-11-23 06:36:00,5.50,303.60,0.82,0.58,425.04,1,校园一卡通
94,529,杨帆,2025-07-12 03:28:00,2025-07-12 03:28:00,0.90,37.93,0.98,0.38,51.58,1,校园一卡通
95,31,李四,2025-02-26 13:02:00,2025-02-26 18:02:00,5.10,409.84,0.88,0.47,553.28,1,校园一卡通
96,431,郑一,2025-04-12 17:26:00,2025-04-12 21:26:00,4.40,205.08,1.10,0.63,354.80,1,支付宝
97,957,郑一,2024-07-18 09:29:00,2024-07-18 13:29:00,4.50,360.86,0.86,0.52,497.98,1,微信
98,62,赵六,2025-11-20 05:45:00,2025-11-20 06:45:00,1.80,136.80,1.40,0.57,269.50,1,校园一卡通
99,279,郑一,2024-05-05 16:48:00,2024-05-05 18:48:00,2.90,122.79,1.50,0.67,266.45,1,校园一卡通
100,553,何勇,2024-11-12 13:35:00,2024-11-12 17:35:00,4.40,680.06,0.85,0.69,1047.30,0,校园一卡通
101,417,朱磊,2024-12-08 01:22:00,2024-12-08 07:22:00,6.30,654.89,1.25,0.35,1047.82,1,微信
102,581,周九,2025-02-15 04:59:00,2025-02-15 05:59:00,1.70,61.20,1.37,0.63,122.40,1,微信
103,487,陈大,2025-09-19 19:17:00,2025-09-19 00:17:00,5.40,516.78,0.88,0.58,754.50,1,微信
104,433,孙八,2025-06-21 00:58:00,2025-06-21 02:58:00,2.20,90.86,1.16,0.46,147.19,0,支付宝
105,758,郭伟,2025-01-28 10:36:00,2025-01-28 11:36:00,1.60,182.00,1.56,0.52,378.56,1,校园一卡通
106,752,张三,2024-05-04 13:42:00,2024-05-04 19:42:00,6.20,613.80,1.59,0.42,1233.74,1,支付宝
107,490,郑一,2025-03-28 01:20:00,2025-03-28 01:20:00,0.50,48.23,1.57,0.52,100.80,1,支付宝
108,214,李四,2024-08-27 02:13:00,2024-08-27 08:13:00,6.70,672.95,1.24,0.49,1164.20,1,微信
109,143,李四,2024-03-14 08:32:00,2024-03-14 13:32:00,5.40,793.80,1.10,0.35,1151.01,1,微信
110,802,孙八,2024-05-17 02:57:00,2024-05-17 04:57:00,2.10,221.76,1.55,0.50,454.61,1,银行卡
111,108,郭伟,2024-01-24 00:48:00,2024-01-24 06:48:00,6.70,752.68,0.89,0.38,955.90,1,微信
112,315,周九,2024-07-21 22:06:00,2024-07-21 04:06:00,6.60,191.73,0.81,0.54,258.84,1,银行卡
113,484,林小,2025-06-26 20:34:00,2025-06-26 21:34:00,1.30,107.90,1.44,0.52,211.48,0,校园一卡通
114,389,郑一,2024-10-01 08:05:00,2024-10-01 08:05:00,0.70,69.58,0.91,0.59,104.37,1,支付宝
115,79,吴十,2024-08-06 17:10:00,2024-08-06 00:10:00,7.80,230.26,1.15,0.64,412.16,1,校园一卡通
116,589,何勇,2025-10-08 03:15:00,2025-10-08 10:15:00,7.00,595.84,1.42,0.58,1191.68,1,微信
117,960,朱磊,2025-01-01 17:44:00,2025-01-01 20:44:00,3.80,568.63,0.99,0.59,898.44,1,微信
118,67,朱磊,2025-07-08 01:41:00,2025-07-08 06:41:00,5.60,907.09,0.97,0.60,1424.13,1,校园一卡通
119,472,何勇,2024-09-11 20:48:00,2024-09-11 22:48:00,2.30,157.32,1.52,0.30,286.32,1,支付宝
120,64,李四,2025-03-21 21:14:00,2025-03-21 23:14:00,2.00,115.60,1.26,0.56,210.39,1,校园一卡通
121,170,王二,2024-08-05 09:06:00,2024-08-05 12:06:00,3.40,453.83,1.11,0.62,785.13,1,银行卡
122,584,王五,2024-03-23 02:21:00,2024-03-23 06:21:00,4.80,199.68,1.17,0.56,345.45,1,银行卡
123,200,高峰,2024-07-02 19:50:00,2024-07-02 22:50:00,3.40,447.30,0.88,0.49,612.81,1,微信
124,825,郭伟,2025-08-10 19:17:00,2025-08-10 23:17:00,4.00,135.36,0.98,0.52,203.04,1,银行卡
125,150,孙八,2025-01-11 15:01:00,2025-01-11 19:01:00,4.10,173.43,0.93,0.40,230.66,1,支付宝
126,300,吴十,2025-08-03 04:53:00,2025-08-03 10:53:00,6.10,251.62,1.30,0.54,462.99,1,校园一卡通
127,774,李四,2025-05-15 05:09:00,2025-05-15 06:09:00,1.00,67.23,1.17,0.45,108.91,1,校园一卡通
128,715,林小,2024-11-05 08:57:00,2024-11-05 09:57:00,1.50,105.10,0.96,0.64,168.17,1,微信
129,340,王五,2024-02-15 12:59:00,2024-02-15 14:59:00,2.40,120.53,1.23,0.30,184.41,1,支付宝
130,684,周九,2025-05-09 21:09:00,2025-05-09 04:09:00,7.70,837.53,1.02,0.51,1281.42,1,校园一卡通
131,233,张三,2025-11-06 03:10:00,2025-11-06 09:10:00,6.10,669.78,1.05,0.34,930.99,1,银行卡
132,877,何勇,2025-05-02 12:52:00,2025-05-02 14:52:00,2.80,71.68,1.13,0.33,104.65,1,微信
133,325,刘强,2024-12-21 21:39:00,2024-12-21 04:39:00,7.60,559.36,0.90,0.36,704.79,1,银行卡
134,688,郑一,2024-07-25 05:33:00,2024-07-25 08:33:00,3.80,564.98,1.15,0.37,858.78,1,微信
135,185,郑一,2025-04-28 20:22:00,2025-04-28 01:22:00,5.80,707.19,1.27,0.69,1386.10,1,校园一卡通
136,944,钱七,2024-01-20 03:24:00,2024-01-20 06:24:00,3.80,495.33,1.44,0.57,995.61,1,校园一卡通
137,611,郭伟,2024-04-20 01:31:00,2024-04-20 02:31:00,1.00,30.24,1.44,0.63,62.60,1,银行卡
138,132,李四,2025-02-13 12:20:00,2025-02-13 16:20:00,4.80,542.59,0.83,0.31,618.55,1,微信
139,373,郭伟,2025-11-19 02:50:00,2025-11-19 02:50:00,0.80,108.90,1.51,0.39,206.90,1,银行卡
140,635,王五,2025-11-13 19:52:00,2025-11-13 21:52:00,2.20,119.68,1.27,0.52,214.23,1,银行卡
141,408,王五,2025-11-24 05:16:00,2025-11-24 12:16:00,7.30,1067.84,1.36,0.58,2071.62,0,微信
142,576,李四,2025-03-05 17:04:00,2025-03-05 22:04:00,5.60,340.48,1.42,0.50,653.72,1,银行卡
143,300,周九,2024-08-09 21:19:00,2024-08-09 22:19:00,1.70,179.89,1.32,0.67,357.99,1,校园一卡通
144,816,刘强,2025-09-17 01:53:00,2025-09-17 02:53:00,1.10,164.96,1.48,0.53,331.56,1,校园一卡通
145,363,张三,2024-07-13 18:19:00,2024-07-13 00:19:00,6.80,494.22,0.96,0.35,647.43,1,支付宝
146,754,李四,2025-05-11 10:42:00,2025-05-11 16:42:00,6.10,492.57,1.31,0.65,965.45,1,银行卡
147,687,钱七,2025-06-11 05:41:00,2025-06-11 11:41:00,6.40,926.02,1.28,0.50,1648.31,1,支付宝
148,910,何勇,2025-11-14 18:08:00,2025-11-14 20:08:00,2.30,144.85,1.50,0.33,265.08,1,校园一卡通
149,617,郑一,2024-02-28 12:23:00,2024-02-28 19:23:00,7.40,551.15,1.04,0.69,953.49,1,微信
150,849,郑一,2024-02-23 17:16:00,2024-02-23 22:16:00,5.20,178.46,1.03,0.66,301.60,1,校园一卡通
151,427,林小,2025-01-27 10:37:00,2025-01-27 10:37:00,0.90,55.84,1.16,0.56,96.05,1,校园一卡通
152,616,李四,2024-08-06 20:00:00,2024-08-06 02:00:00,6.50,246.74,1.14,0.57,421.93,1,校园一卡通
153,184,黄明,2025-08-27 18:20:00,2025-08-27 19:20:00,1.60,124.43,1.19,0.30,185.40,1,校园一卡通
154,978,陈大,2025-09-13 19:57:00,2025-09-13 19:57:00,0.60,54.43,1.27,0.41,91.45,1,支付宝
155,98,陈大,2024-03-28 06:33:00,2024-03-28 10:33:00,4.70,535.80,1.47,0.30,948.37,1,微信
156,419,黄明,2024-02-22 20:59:00,2024-02-22 04:59:00,8.40,249.90,0.91,0.58,372.35,0,银行卡
157,363,王五,2024-08-03 03:56:00,2024-08-03 04:56:00,1.20,35.57,1.03,0.41,51.22,1,支付宝
158,358,刘强,2025-12-12 09:53:00,2025-12-12 15:53:00,6.30,734.83,1.51,0.63,1572.54,1,校园一卡通
159,408,张三,2025-01-04 15:49:00,2025-01-04 16:49:00,1.40,120.19,1.58,0.65,268.02,1,微信
160,594,赵六,2024-09-04 15:15:00,2024-09-04 17:15:00,2.80,411.74,1.15,0.46,662.90,1,校园一卡通
161,691,吴十,2025-10-24 05:10:00,2025-10-24 07:10:00,2.60,411.09,1.18,0.59,727.62,1,支付宝
162,888,刘强,2024-09-27 17:12:00,2024-09-27 21:12:00,4.60,566.90,1.09,0.37,827.68,1,微信
163,440,吴十,2024-05-03 16:14:00,2024-05-03 00:14:00,8.10,248.59,1.43,0.47,472.32,1,微信
164,675,杨帆,2024-05-26 12:12:00,2024-05-26 18:12:00,6.20,239.57,1.49,0.50,476.74,1,支付宝
165,698,陈大,2024-11-09 14:17:00,2024-11-09 19:17:00,5.70,287.11,1.18,0.39,450.76,1,微信
166,601,黄明,2024-11-20 19:42:00,2024-11-20 23:42:00,4.20,376.32,1.00,0.43,538.14,1,微信
167,910,王五,2025-08-24 23:13:00,2025-08-24 00:13:00,1.10,123.35,0.97,0.63,197.37,1,微信
168,488,胡涛,2025-06-24 06:10:00,2025-06-24 09:10:00,3.10,421.23,1.25,0.56,762.42,1,支付宝
169,56,钱七,2025-10-15 22:07:00,2025-10-15 23:07:00,1.20,108.11,1.08,0.52,172.97,1,微信
170,277,张三,2024-05-16 23:27:00,2024-05-16 23:27:00,0.90,87.75,1.47,0.53,175.50,1,银行卡
171,445,刘强,2024-03-05 14:06:00,2024-03-05 17:06:00,3.20,318.82,0.84,0.64,471.85,1,支付宝
172,441,李四,2025-01-12 21:54:00,2025-01-12 02:54:00,5.80,293.48,1.56,0.60,633.92,1,微信
173,369,朱磊,2025-12-17 16:41:00,2025-12-17 23:41:00,7.60,376.81,1.30,0.68,746.08,1,支付宝
174,549,陈大,2025-07-27 04:42:00,2025-07-27 06:42:00,2.50,220.00,1.17,0.51,369.60,0,银行卡
175,337,吴十,2025-08-12 20:35:00,2025-08-12 22:35:00,2.60,116.06,1.23,0.62,214.72,1,校园一卡通
176,816,何勇,2024-10-14 12:30:00,2024-10-14 18:30:00,6.10,949.95,0.87,0.41,1215.94,1,微信
177,59,郭伟,2024-05-19 22:52:00,2024-05-19 06:52:00,8.20,1283.14,1.35,0.61,2514.95,1,支付宝
178,173,高峰,2024-02-22 00:03:00,2024-02-22 07:03:00,7.30,848.62,0.89,0.55,1222.02,1,银行卡
179,868,刘强,2025-05-19 03:33:00,2025-05-19 08:33:00,5.50,410.79,1.11,0.66,727.11,0,银行卡
180,250,吴十,2024-06-08 18:36:00,2024-06-08 23:36:00,5.80,303.69,1.51,0.60,640.78,1,银行卡
181,802,刘强,2025-08-02 20:12:00,2025-08-02 02:12:00,6.40,771.84,1.55,0.49,1574.55,1,银行卡
182,398,杨帆,2024-11-06 13:47:00,2024-11-06 14:47:00,1.50,161.82,1.14,0.48,262.15,1,校园一卡通
183,795,何勇,2024-09-23 10:44:00,2024-09-23 13:44:00,3.90,428.57,1.56,0.57,912.86,1,校园一卡通
184,922,王五,2024-01-21 19:42:00,2024-01-21 00:42:00,5.60,210.56,0.88,0.54,299.00,1,微信
185,301,赵六,2025-01-24 11:06:00,2025-01-24 16:06:00,5.50,168.30,1.50,0.64,360.16,0,银行卡
186,123,郑一,2025-09-01 00:53:00,2025-09-01 01:53:00,1.80,258.52,1.50,0.43,498.94,0,微信
187,936,朱磊,2024-08-10 19:26:00,2024-08-10 23:26:00,4.90,646.46,0.81,0.34,743.43,1,银行卡
188,991,林小,2024-11-04 22:01:00,2024-11-04 06:01:00,8.10,611.79,1.08,0.52,978.87,1,银行卡
189,768,王五,2025-10-26 21:12:00,2025-10-26 22:12:00,1.50,137.94,0.81,0.59,193.12,1,微信
190,158,孙八,2025-02-26 10:25:00,2025-02-26 17:25:00,7.90,401.64,1.29,0.39,674.75,1,校园一卡通
191,239,赵六,2025-01-27 04:38:00,2025-01-27 08:38:00,4.50,581.40,0.99,0.59,918.61,1,微信
192,738,钱七,2025-09-24 14:48:00,2025-09-24 20:48:00,6.80,480.62,1.52,0.48,961.25,1,银行卡
193,802,赵六,2024-09-16 21:30:00,2024-09-16 02:30:00,5.30,340.47,1.21,0.33,524.33,1,银行卡
194,178,王五,2024-04-03 17:15:00,2024-04-03 20:15:00,3.80,441.29,1.29,0.55,811.98,1,支付宝
195,867,杨帆,2025-04-23 15:55:00,2025-04-23 16:55:00,1.00,116.59,1.52,0.51,236.68,1,微信
196,667,郑一,2025-11-19 20:00:00,2025-11-19 23:00:00,3.50,247.94,0.99,0.55,381.83,0,银行卡
197,759,孙八,2025-03-13 06:28:00,2025-03-13 08:28:00,2.20,108.90,0.81,0.36,127.41,1,校园一卡通
198,872,黄明,2024-06-28 06:10:00,2024-06-28 07:10:00,1.20,39.07,1.53,0.66,85.57,1,支付宝
199,760,朱磊,2024-04-08 12:28:00,2024-04-08 14:28:00,2.30,307.07,1.58,0.47,629.50,1,微信
200,68,杨帆,2025-01-17 10:55:00,2025-01-17 12:55:00,2.00,141.00,0.92,0.67,224.19,1,校园一卡通
201,518,陈大,2024-05-18 17:21:00,2024-05-18 17:21:00,0.70,28.13,1.42,0.51,54.28,1,微信
202,253,钱七,2024-10-08 06:48:00,2024-10-08 08:48:00,2.40,217.06,0.96,0.52,321.24,1,支付宝
203,769,黄明,2024-04-15 12:07:00,2024-04-15 17:07:00,5.90,477.55,1.31,0.31,773.62,0,校园一卡通
204,146,杨帆,2025-12-25 23:32:00,2025-12-25 05:32:00,6.50,325.97,0.83,0.64,479.18,1,校园一卡通
205,346,赵六,2025-12-06 10:28:00,2025-12-06 14:28:00,4.70,596.99,0.91,0.47,823.85,1,支付宝
206,136,郑一,2025-06-21 11:03:00,2025-06-21 16:03:00,5.60,698.15,1.14,0.60,1214.78,1,银行卡
207,714,朱磊,2024-08-23 22:21:00,2024-08-23 04:21:00,6.40,447.49,1.25,0.39,733.88,1,银行卡
208,409,钱七,2025-09-09 23:15:00,2025-09-09 00:15:00,1.00,32.56,1.24,0.41,53.72,1,银行卡
209,90,郭伟,2025-03-25 17:15:00,2025-03-25 00:15:00,7.30,181.04,1.17,0.40,284.23,1,微信
210,574,何勇,2024-02-06 10:59:00,2024-02-06 16:59:00,6.00,701.76,1.56,0.37,1354.40,1,微信
211,781,李四,2025-03-26 04:22:00,2025-03-26 10:22:00,6.50,531.05,1.46,0.41,993.06,1,银行卡
212,519,陈大,2025-07-24 02:27:00,2025-07-24 03:27:00,1.60,56.40,1.46,0.35,102.08,1,银行卡
213,699,张三,2024-01-27 19:01:00,2024-01-27 00:01:00,5.30,162.50,1.26,0.64,308.75,1,银行卡
214,224,何勇,2025-06-15 05:37:00,2025-06-15 10:37:00,5.60,576.02,0.98,0.47,835.22,1,微信
215,167,李四,2025-09-18 05:20:00,2025-09-18 13:20:00,8.20,1122.17,1.43,0.48,2143.34,1,银行卡
216,406,胡涛,2024-11-25 02:54:00,2024-11-25 04:54:00,2.50,269.77,1.28,0.47,472.11,1,微信
217,907,郭伟,2025-10-08 09:47:00,2025-10-08 11:47:00,2.20,101.64,1.24,0.36,162.62,1,校园一卡通
218,42,何勇,2025-11-21 09:04:00,2025-11-21 11:04:00,2.00,113.76,0.90,0.46,154.71,1,校园一卡通
219,666,钱七,2025-08-16 18:59:00,2025-08-16 01:59:00,7.10,776.31,1.15,0.45,1242.10,1,校园一卡通
220,13,钱七,2025-01-07 08:30:00,2025-01-07 09:30:00,1.70,78.49,1.19,0.66,145.20,1,银行卡
221,877,王二,2025-09-16 22:45:00,2025-09-16 06:45:00,8.30,908.85,1.53,0.32,1681.37,1,支付宝
222,540,周九,2024-09-21 07:04:00,2024-09-21 10:04:00,3.00,221.88,1.12,0.56,372.76,1,微信
223,650,王二,2024-09-14 11:36:00,2024-09-14 15:36:00,4.10,457.03,0.98,0.35,607.85,1,银行卡
224,669,陈大,2025-03-01 14:16:00,2025-03-01 14:16:00,0.60,47.40,0.93,0.30,58.30,1,银行卡
225,386,吴十,2024-05-15 11:39:00,2024-05-15 15:39:00,4.00,137.20,1.47,0.34,248.33,0,银行卡
226,442,钱七,2025-12-20 13:40:00,2025-12-20 18:40:00,5.20,319.18,0.82,0.41,392.59,1,银行卡
227,634,高峰,2025-10-22 17:57:00,2025-10-22 22:57:00,5.40,338.26,1.17,0.37,520.91,1,银行卡
228,654,胡涛,2024-07-02 20:27:00,2024-07-02 20:27:00,0.90,136.32,1.22,0.48,231.75,0,微信
229,116,王二,2024-07-12 20:12:00,2024-07-12 02:12:00,6.80,228.89,1.55,0.36,437.18,0,微信
230,902,高峰,2024-02-18 04:02:00,2024-02-18 10:02:00,6.00,706.80,1.32,0.41,1222.76,1,支付宝
231,287,张三,2024-04-02 04:29:00,2024-04-02 08:29:00,4.80,514.08,0.86,0.37,632.32,1,支付宝
232,601,郭伟,2024-10-24 21:23:00,2024-10-24 05:23:00,8.20,1436.89,1.08,0.34,2040.38,0,银行卡
233,500,赵六,2024-08-15 02:04:00,2024-08-15 03:04:00,1.00,45.50,1.20,0.44,74.62,1,校园一卡通
234,275,刘强,2025-01-01 17:44:00,2025-01-01 21:44:00,4.60,790.46,0.91,0.50,1114.55,1,支付宝
235,25,杨帆,2025-01-20 04:14:00,2025-01-20 11:14:00,7.50,262.80,1.51,0.52,533.48,1,校园一卡通
236,949,赵六,2024-10-06 09:24:00,2024-10-06 10:24:00,1.00,140.58,1.30,0.41,240.39,1,支付宝
237,811,王五,2025-09-13 18:03:00,2025-09-13 00:03:00,6.70,430.41,1.48,0.38,800.56,1,校园一卡通
238,601,吴十,2025-11-25 15:15:00,2025-11-25 22:15:00,7.00,1125.18,1.16,0.45,1811.54,1,校园一卡通
239,543,林小,2025-08-22 02:24:00,2025-08-22 08:24:00,6.60,670.10,1.38,0.47,1239.68,1,校园一卡通
240,845,高峰,2025-10-20 11:55:00,2025-10-20 17:55:00,6.50,483.60,0.82,0.62,696.38,1,校园一卡通
241,58,李四,2025-09-21 18:39:00,2025-09-21 23:39:00,5.60,463.74,1.39,0.30,783.71,1,支付宝
242,502,赵六,2025-04-28 17:18:00,2025-04-28 19:18:00,2.10,185.81,1.56,0.52,386.48,1,支付宝
243,434,郑一,2025-06-25 07:25:00,2025-06-25 10:25:00,3.20,352.13,1.20,0.46,584.53,1,校园一卡通
244,479,王五,2025-02-01 10:26:00,2025-02-01 17:26:00,7.10,897.16,0.86,0.55,1264.99,1,支付宝
245,340,高峰,2025-04-12 09:33:00,2025-04-12 13:33:00,4.30,430.22,1.28,0.32,688.34,1,支付宝
246,921,吴十,2024-04-13 18:06:00,2024-04-13 00:06:00,6.30,325.08,1.35,0.30,536.38,1,支付宝
247,447,高峰,2024-09-04 09:34:00,2024-09-04 13:34:00,4.10,398.40,1.25,0.37,645.40,1,银行卡
248,645,黄明,2025-12-14 18:30:00,2025-12-14 21:30:00,3.70,214.90,1.20,0.52,369.62,1,支付宝
249,697,王五,2025-11-12 13:52:00,2025-11-12 19:52:00,6.10,200.69,1.06,0.35,282.97,1,校园一卡通
250,375,陈大,2025-07-07 23:38:00,2025-07-07 05:38:00,6.10,271.57,1.56,0.56,575.73,1,银行卡
251,696,郑一,2025-09-28 11:58:00,2025-09-28 17:58:00,6.50,147.09,1.52,0.69,325.08,1,银行卡
252,109,何勇,2024-10-15 02:14:00,2024-10-15 08:14:00,6.80,299.74,0.91,0.37,383.67,1,校园一卡通
253,587,钱七,2024-01-09 05:51:00,2024-01-09 10:51:00,5.50,281.82,1.45,0.47,541.09,1,微信
254,424,胡涛,2024-12-13 17:46:00,2024-12-13 19:46:00,2.60,216.37,0.85,0.33,255.32,1,支付宝
255,178,郭伟,2024-09-24 04:04:00,2024-09-24 08:04:00,4.90,377.50,1.57,0.42,751.22,1,银行卡
256,58,陈大,2025-03-19 06:16:00,2025-03-19 09:16:00,3.40,479.54,1.00,0.41,676.15,1,银行卡
257,234,周九,2024-06-13 07:14:00,2024-06-13 12:14:00,5.10,570.08,0.84,0.53,781.01,1,微信
258,417,朱磊,2024-07-06 22:49:00,2024-07-06 03:49:00,5.60,370.27,0.81,0.44,462.84,1,微信
259,173,钱七,2025-01-28 13:24:00,2025-01-28 18:24:00,5.60,453.54,1.32,0.69,911.62,1,校园一卡通
260,123,张三,2025-05-25 04:33:00,2025-05-25 10:33:00,6.60,610.04,1.23,0.62,1128.57,1,银行卡
261,762,林小,2025-11-26 01:42:00,2025-11-26 04:42:00,3.30,368.58,1.33,0.38,630.27,1,微信
262,242,王五,2025-01-01 15:25:00,2025-01-01 22:25:00,7.40,438.75,1.32,0.64,859.94,1,银行卡
263,353,郑一,2024-12-28 21:55:00,2024-12-28 00:55:00,3.70,227.92,1.06,0.57,371.51,1,支付宝
264,785,李四,2024-10-27 01:39:00,2024-10-27 06:39:00,5.90,640.39,1.57,0.54,1351.21,1,支付宝
265,426,钱七,2025-03-25 02:11:00,2025-03-25 09:11:00,7.00,412.16,0.89,0.32,498.71,1,校园一卡通
266,943,郑一,2024-02-03 17:12:00,2024-02-03 21:12:00,4.10,440.26,1.47,0.33,792.46,1,微信
267,278,胡涛,2024-10-12 15:25:00,2024-10-12 16:25:00,1.60,88.82,1.09,0.64,153.65,1,支付宝
268,899,周九,2025-06-01 11:52:00,2025-06-01 18:52:00,7.00,775.32,1.55,0.37,1488.61,1,微信
269,317,胡涛,2025-11-04 15:44:00,2025-11-04 22:44:00,7.00,220.15,1.39,0.46,407.28,1,微信
270,57,钱七,2025-03-26 22:47:00,2025-03-26 06:47:00,8.20,867.48,1.39,0.30,1466.04,1,微信
271,785,王二,2024-01-19 00:28:00,2024-01-19 08:28:00,8.00,870.00,1.30,0.53,1592.10,1,校园一卡通
272,451,朱磊,2024-05-25 23:46:00,2024-05-25 04:46:00,5.00,489.60,1.38,0.46,900.86,1,支付宝
273,714,吴十,2024-11-25 09:04:00,2024-11-25 17:04:00,8.00,446.40,1.36,0.54,848.16,0,微信
274,419,郑一,2025-04-02 20:53:00,2025-04-02 23:53:00,3.60,367.63,1.37,0.50,687.47,1,银行卡
275,756,林小,2025-01-03 12:17:00,2025-01-03 18:17:00,6.80,810.90,0.81,0.41,989.30,1,校园一卡通
276,273,林小,2024-04-07 03:11:00,2024-04-07 09:11:00,6.50,210.21,1.31,0.30,338.44,0,支付宝
277,142,刘强,2025-10-23 04:21:00,2025-10-23 10:21:00,6.40,571.65,0.82,0.51,760.29,1,银行卡
278,464,刘强,2025-08-09 19:03:00,2025-08-09 22:03:00,3.70,169.76,1.30,0.46,298.77,1,银行卡
279,228,李四,2024-10-17 00:12:00,2024-10-17 02:12:00,2.80,345.74,1.50,0.64,739.89,1,支付宝
280,829,胡涛,2025-06-16 18:13:00,2025-06-16 20:13:00,2.70,251.56,1.14,0.30,362.24,1,银行卡
281,519,王五,2025-08-18 08:26:00,2025-08-18 09:26:00,1.20,121.92,1.11,0.43,187.76,1,微信
282,914,高峰,2024-06-02 01:47:00,2024-06-02 07:47:00,6.00,572.76,1.22,0.59,1036.70,1,银行卡
283,515,赵六,2024-10-20 07:02:00,2024-10-20 10:02:00,3.10,283.65,0.96,0.60,442.49,1,校园一卡通
284,519,陈大,2024-01-05 21:06:00,2024-01-05 02:06:00,5.60,459.98,0.89,0.51,643.98,1,微信
285,409,王五,2025-08-02 10:11:00,2025-08-02 17:11:00,7.40,1216.12,0.89,0.57,1775.53,1,银行卡
286,651,林小,2024-08-03 23:59:00,2024-08-03 01:59:00,2.10,236.31,1.27,0.67,458.45,1,银行卡
287,277,王五,2024-06-25 15:25:00,2024-06-25 22:25:00,7.00,509.25,0.99,0.63,824.98,1,支付宝
288,425,林小,2024-09-07 06:19:00,2024-09-07 06:19:00,0.80,80.24,1.24,0.47,137.21,1,银行卡
289,58,张三,2025-02-14 09:54:00,2025-02-14 11:54:00,2.20,303.60,0.93,0.58,458.44,1,微信
290,454,林小,2024-05-17 03:14:00,2024-05-17 04:14:00,1.80,173.45,1.25,0.31,270.58,1,支付宝
291,837,黄明,2025-04-18 03:08:00,2025-04-18 07:08:00,4.50,361.12,1.03,0.59,585.02,1,银行卡
292,642,杨帆,2024-02-14 05:38:00,2024-02-14 09:38:00,4.50,399.33,0.85,0.40,499.16,1,微信
293,304,李四,2024-04-15 19:29:00,2024-04-15 01:29:00,6.30,326.53,1.26,0.42,548.57,0,银行卡
294,60,高峰,2024-02-09 06:07:00,2024-02-09 08:07:00,2.30,260.54,1.53,0.63,562.78,1,校园一卡通
295,976,高峰,2024-05-25 01:22:00,2024-05-25 01:22:00,0.70,37.99,1.05,0.35,53.18,1,校园一卡通
296,539,何勇,2024-12-16 05:09:00,2024-12-16 12:09:00,7.70,392.39,1.59,0.62,867.19,1,微信
297,336,黄明,2024-03-05 00:21:00,2024-03-05 02:21:00,2.50,94.50,1.30,0.62,181.44,1,银行卡
298,705,郑一,2025-10-19 05:39:00,2025-10-19 07:39:00,2.70,281.18,0.89,0.32,340.23,1,微信
299,670,郭伟,2024-03-28 20:46:00,2024-03-28 03:46:00,7.20,407.16,1.03,0.49,618.88,1,支付宝
300,427,杨帆,2024-12-25 14:19:00,2024-12-25 15:19:00,1.90,197.71,1.09,0.62,338.09,1,校园一卡通
301,103,李四,2024-04-11 04:07:00,2024-04-11 08:07:00,4.30,352.94,0.98,0.56,543.53,1,银行卡
302,534,周九,2024-04-20 18:38:00,2024-04-20 19:38:00,1.20,90.64,1.36,0.47,165.86,1,银行卡
303,783,林小,2024-09-28 01:30:00,2024-09-28 08:30:00,7.40,253.97,0.86,0.41,322.54,1,微信
304,708,刘强,2024-07-16 19:53:00,2024-07-16 01:53:00,6.10,286.94,1.47,0.35,522.24,1,校园一卡通
305,195,郭伟,2025-10-04 07:34:00,2025-10-04 14:34:00,7.90,268.20,1.40,0.57,528.36,1,支付宝
306,103,高峰,2025-06-02 19:47:00,2025-06-02 20:47:00,1.00,104.13,1.32,0.33,171.81,1,微信
307,753,张三,2025-04-16 11:06:00,2025-04-16 15:06:00,4.30,718.96,1.58,0.66,1610.47,1,支付宝
308,197,李四,2024-04-22 03:12:00,2024-04-22 04:12:00,1.40,155.34,0.89,0.66,240.78,1,银行卡
309,904,杨帆,2025-09-18 06:15:00,2025-09-18 11:15:00,5.50,150.59,1.46,0.56,304.19,1,支付宝
310,445,郑一,2024-06-05 08:38:00,2024-06-05 13:38:00,5.60,479.81,0.97,0.69,796.48,1,校园一卡通
311,717,郭伟,2024-06-14 09:24:00,2024-06-14 11:24:00,2.80,135.18,1.38,0.50,254.15,1,校园一卡通
312,768,周九,2024-12-16 18:04:00,2024-12-16 23:04:00,5.90,431.47,1.41,0.44,798.21,1,校园一卡通
313,605,陈大,2024-02-16 01:54:00,2024-02-16 06:54:00,5.20,684.94,1.07,0.38,993.17,0,微信
314,68,杨帆,2025-03-14 07:40:00,2025-03-14 15:40:00,8.10,1105.65,0.86,0.54,1547.91,1,银行卡
315,225,周九,2025-03-27 13:56:00,2025-03-27 19:56:00,6.60,346.90,1.23,0.41,568.91,1,校园一卡通
316,100,杨帆,2025-03-15 23:00:00,2025-03-15 00:00:00,1.50,221.61,1.28,0.54,403.33,1,银行卡
317,239,赵六,2024-08-10 21:44:00,2024-08-10 04:44:00,7.90,570.38,1.27,0.53,1026.68,1,银行卡
318,675,张三,2025-07-26 17:48:00,2025-07-26 18:48:00,1.50,224.91,0.94,0.52,328.37,1,校园一卡通
319,949,王二,2024-07-21 13:51:00,2024-07-21 20:51:00,7.00,347.76,1.48,0.34,632.92,1,支付宝
320,211,李四,2024-02-08 14:53:00,2024-02-08 16:53:00,2.50,59.40,1.17,0.50,99.20,1,银行卡
321,651,何勇,2024-11-19 18:59:00,2024-11-19 21:59:00,3.40,121.38,1.57,0.66,270.68,1,校园一卡通
322,825,刘强,2025-12-02 04:05:00,2025-12-02 09:05:00,5.10,509.54,1.02,0.58,815.27,0,校园一卡通
323,57,赵六,2025-08-07 04:58:00,2025-08-07 07:58:00,3.90,102.96,1.09,0.31,144.14,1,校园一卡通
324,931,郑一,2024-09-20 06:59:00,2024-09-20 08:59:00,2.70,411.18,1.52,0.30,748.35,1,银行卡
325,966,杨帆,2024-05-28 04:29:00,2024-05-28 11:29:00,7.80,860.81,1.02,0.48,1291.21,1,校园一卡通
326,908,胡涛,2024-01-14 17:16:00,2024-01-14 23:16:00,6.60,505.30,1.15,0.63,899.43,1,支付宝
327,787,王二,2024-10-13 23:06:00,2024-10-13 07:06:00,8.40,1041.60,0.99,0.36,1406.16,1,微信
328,863,郭伟,2025-01-11 09:07:00,2025-01-11 14:07:00,5.90,641.80,1.31,0.42,1110.32,1,校园一卡通
329,119,胡涛,2025-03-08 12:35:00,2025-03-08 12:35:00,0.50,37.76,1.30,0.30,60.42,1,校园一卡通
330,930,王二,2024-08-24 13:45:00,2024-08-24 16:45:00,3.50,434.35,1.39,0.55,842.64,1,微信
331,803,李四,2025-04-02 03:40:00,2025-04-02 05:40:00,2.10,83.16,1.32,0.33,137.21,1,微信
332,812,赵六,2025-05-11 09:22:00,2025-05-11 12:22:00,3.50,183.54,0.88,0.35,225.75,1,校园一卡通
333,721,杨帆,2025-10-28 22:42:00,2025-10-28 23:42:00,1.50,154.98,1.20,0.69,292.91,1,校园一卡通
334,682,李四,2025-12-16 03:16:00,2025-12-16 05:16:00,2.10,91.35,1.21,0.57,162.60,0,校园一卡通
335,801,钱七,2024-10-12 19:57:00,2024-10-12 23:57:00,4.90,564.48,1.17,0.35,858.01,1,微信
336,711,黄明,2024-03-15 15:07:00,2024-03-15 20:07:00,5.10,539.58,1.41,0.69,1133.12,1,银行卡
337,251,杨帆,2025-09-03 11:26:00,2025-09-03 14:26:00,3.90,106.47,1.20,0.69,201.23,1,支付宝
338,250,钱七,2025-11-20 14:44:00,2025-11-20 16:44:00,2.10,69.93,1.08,0.49,109.79,0,银行卡
339,52,刘强,2025-04-17 05:29:00,2025-04-17 08:29:00,3.90,424.24,1.10,0.34,610.91,1,支付宝
340,860,郑一,2024-06-11 12:24:00,2024-06-11 18:24:00,6.00,516.60,1.05,0.50,800.73,1,银行卡
341,810,朱磊,2024-08-17 06:57:00,2024-08-17 10:57:00,4.50,343.17,0.82,0.56,473.57,1,校园一卡通
342,377,钱七,2024-10-11 09:33:00,2024-10-11 13:33:00,4.20,194.04,1.35,0.45,349.27,1,支付宝
343,970,郭伟,2024-07-02 12:05:00,2024-07-02 17:05:00,5.60,358.18,1.38,0.58,702.02,1,银行卡
344,422,孙八,2025-03-13 11:21:00,2025-03-13 14:21:00,3.70,218.85,1.21,0.54,383.00,0,支付宝
345,36,王二,2025-12-05 01:51:00,2025-12-05 06:51:00,5.20,729.30,1.10,0.43,1115.83,1,校园一卡通
346,91,郭伟,2024-10-04 17:20:00,2024-10-04 00:20:00,7.60,528.66,0.96,0.58,814.13,1,银行卡
347,316,林小,2025-05-17 13:03:00,2025-05-17 15:03:00,2.50,121.80,1.38,0.44,221.68,1,微信
348,91,黄明,2024-03-15 02:06:00,2024-03-15 04:06:00,2.40,228.14,1.27,0.62,431.19,1,校园一卡通
349,589,赵六,2025-12-17 07:42:00,2025-12-17 15:42:00,8.30,1274.88,1.01,0.59,2039.81,1,微信
350,571,王二,2025-04-18 23:47:00,2025-04-18 04:47:00,5.40,138.02,0.82,0.62,198.75,1,支付宝
351,113,钱七,2024-12-05 05:39:00,2024-12-05 08:39:00,3.50,397.21,1.29,0.68,782.51,1,微信
352,935,郭伟,2025-09-26 23:38:00,2025-09-26 07:38:00,8.40,378.25,1.12,0.66,673.29,1,校园一卡通
353,956,吴十,2025-04-15 09:17:00,2025-04-15 11:17:00,2.20,100.10,1.00,0.43,143.14,1,微信
354,650,张三,2024-06-04 01:48:00,2024-06-04 05:48:00,4.20,271.91,1.41,0.45,505.75,1,支付宝
355,721,何勇,2024-03-19 14:01:00,2024-03-19 17:01:00,3.60,455.11,1.51,0.58,951.18,1,银行卡
356,791,李四,2025-02-07 23:30:00,2025-02-07 06:30:00,7.40,639.36,1.32,0.48,1150.85,1,支付宝
357,356,王五,2025-10-08 19:07:00,2025-10-08 20:07:00,1.20,105.29,1.42,0.32,183.20,1,支付宝
358,955,吴十,2024-11-25 00:49:00,2024-11-25 07:49:00,7.50,315.90,0.83,0.47,410.67,1,校园一卡通
359,34,杨帆,2024-03-05 08:52:00,2024-03-05 15:52:00,7.80,449.75,1.04,0.59,733.09,1,银行卡
360,373,钱七,2025-07-26 14:01:00,2025-07-26 19:01:00,5.00,321.20,1.36,0.58,623.13,1,校园一卡通
361,813,周九,2024-03-15 15:39:00,2024-03-15 17:39:00,2.50,418.30,1.20,0.32,635.82,1,校园一卡通
362,297,朱磊,2025-04-14 18:07:00,2025-04-14 21:07:00,3.40,369.92,0.91,0.62,565.98,1,微信
363,589,郑一,2025-02-20 12:04:00,2025-02-20 12:04:00,0.60,25.99,1.48,0.40,48.85,1,支付宝
364,257,郭伟,2025-08-25 04:07:00,2025-08-25 10:07:00,6.90,291.46,1.25,0.53,518.79,1,银行卡
365,643,陈大,2024-04-01 15:51:00,2024-04-01 20:51:00,5.10,518.67,1.09,0.36,752.07,1,银行卡
366,228,李四,2024-06-01 07:41:00,2024-06-01 11:41:00,4.30,366.10,0.80,0.35,421.02,1,支付宝
367,647,胡涛,2024-12-20 00:53:00,2024-12-20 03:53:00,3.60,487.04,1.27,0.68,949.74,1,银行卡
368,172,郑一,2025-01-24 20:48:00,2025-01-24 21:48:00,1.90,75.01,1.36,0.50,139.52,1,支付宝
369,252,高峰,2025-08-13 05:35:00,2025-08-13 12:35:00,7.10,825.02,0.90,0.36,1039.53,1,校园一卡通
370,938,孙八,2024-05-14 06:32:00,2024-05-14 08:32:00,2.30,297.99,1.29,0.48,527.44,1,支付宝
371,962,王五,2025-07-05 00:40:00,2025-07-05 05:40:00,5.50,556.32,0.81,0.64,806.67,1,校园一卡通
372,556,王二,2025-10-17 05:24:00,2025-10-17 09:24:00,4.50,253.08,1.13,0.55,425.17,1,校园一卡通
373,892,王五,2024-11-22 20:10:00,2024-11-22 23:10:00,3.60,325.87,1.45,0.50,635.45,1,银行卡
374,850,陈大,2024-05-10 07:08:00,2024-05-10 11:08:00,4.30,99.33,1.45,0.37,180.78,1,校园一卡通
375,195,张三,2024-05-13 18:31:00,2024-05-13 21:31:00,3.20,150.53,1.17,0.32,224.29,1,微信
376,365,王五,2024-05-11 03:38:00,2024-05-11 03:38:00,0.90,119.60,0.87,0.37,148.31,1,银行卡
377,275,高峰,2024-10-14 06:17:00,2024-10-14 13:17:00,7.60,678.53,1.37,0.35,1167.07,1,校园一卡通
378,162,王五,2025-07-19 16:03:00,2025-07-19 22:03:00,6.10,454.33,1.02,0.53,704.21,1,银行卡
379,660,黄明,2024-11-27 23:15:00,2024-11-27 07:15:00,8.40,1345.34,1.23,0.69,2583.06,1,微信
380,117,吴十,2025-12-25 22:04:00,2025-12-25 06:04:00,8.30,1094.60,1.21,0.49,1860.83,1,支付宝
381,587,赵六,2024-12-23 07:41:00,2024-12-23 12:41:00,5.60,556.64,1.22,0.51,962.99,1,微信
382,256,胡涛,2024-07-16 10:38:00,2024-07-16 12:38:00,2.80,248.64,1.08,0.32,348.10,1,校园一卡通
383,73,杨帆,2025-09-04 07:07:00,2025-09-04 13:07:00,6.00,515.16,0.88,0.43,674.86,1,银行卡
384,501,郭伟,2024-10-13 23:03:00,2024-10-13 06:03:00,7.30,662.26,1.40,0.37,1172.19,1,校园一卡通
385,533,吴十,2025-09-03 14:17:00,2025-09-03 19:17:00,5.00,514.35,0.82,0.63,745.81,1,校园一卡通
386,666,胡涛,2025-02-11 19:50:00,2025-02-11 22:50:00,3.90,359.07,1.45,0.41,667.88,1,微信
387,493,张三,2025-11-14 03:50:00,2025-11-14 08:50:00,5.50,554.51,0.99,0.43,787.40,1,微信
388,477,王五,2024-06-16 08:29:00,2024-06-16 12:29:00,4.40,399.78,1.21,0.55,703.62,0,微信
389,235,孙八,2024-11-11 01:18:00,2024-11-11 05:18:00,4.30,216.89,1.49,0.51,433.78,1,银行卡
390,984,郑一,2025-06-12 20:45:00,2025-06-12 04:45:00,8.20,1223.03,1.36,0.55,2335.99,1,支付宝
391,117,赵六,2024-08-03 18:11:00,2024-08-03 20:11:00,2.00,349.20,1.37,0.49,649.51,1,校园一卡通
392,70,王五,2025-12-07 19:53:00,2025-12-07 21:53:00,2.00,229.40,1.26,0.39,378.51,1,校园一卡通
393,76,胡涛,2025-03-01 23:28:00,2025-03-01 05:28:00,6.90,703.59,0.87,0.60,1034.28,1,微信
394,942,王五,2024-11-05 11:24:00,2024-11-05 18:24:00,7.00,977.13,1.20,0.30,1465.70,1,支付宝
395,322,朱磊,2025-12-17 15:12:00,2025-12-17 19:12:00,4.30,387.69,1.52,0.52,790.88,1,微信
396,39,刘强,2024-09-13 23:20:00,2024-09-13 06:20:00,7.40,337.00,1.23,0.34,529.08,0,银行卡
397,190,李四,2025-11-09 22:05:00,2025-11-09 00:05:00,2.40,119.57,0.82,0.46,153.05,1,微信
398,357,高峰,2025-06-19 08:22:00,2025-06-19 16:22:00,8.00,646.80,1.57,0.61,1410.02,1,校园一卡通
399,817,胡涛,2024-09-26 08:54:00,2024-09-26 11:54:00,3.50,238.00,1.16,0.67,435.54,1,校园一卡通
400,723,王二,2025-05-10 09:40:00,2025-05-10 16:40:00,7.70,652.58,0.84,0.60,939.71,1,校园一卡通
401,949,陈大,2025-03-05 13:09:00,2025-03-05 14:09:00,1.60,98.11,1.16,0.45,157.96,1,校园一卡通
402,561,张三,2025-06-14 17:20:00,2025-06-14 01:20:00,8.00,498.56,1.48,0.32,897.41,1,校园一卡通
403,876,王二,2024-03-24 06:17:00,2024-03-24 10:17:00,4.30,454.85,1.03,0.44,668.64,1,微信
404,663,高峰,2025-09-16 07:51:00,2025-09-16 13:51:00,6.40,830.21,1.00,0.63,1353.24,1,微信
405,335,孙八,2025-02-07 01:35:00,2025-02-07 08:35:00,7.40,251.90,1.12,0.37,375.33,0,微信
406,842,王二,2025-06-11 01:09:00,2025-06-11 01:09:00,0.90,41.55,1.44,0.45,78.54,1,支付宝
407,449,赵六,2024-02-28 10:31:00,2024-02-28 18:31:00,8.40,838.66,1.07,0.45,1274.76,1,微信
408,255,钱七,2025-09-10 04:58:00,2025-09-10 04:58:00,0.80,41.46,0.86,0.39,51.83,1,微信
409,938,孙八,2025-05-22 18:49:00,2025-05-22 19:49:00,1.20,177.29,1.06,0.37,253.52,1,银行卡
410,534,郑一,2025-07-23 11:45:00,2025-07-23 14:45:00,3.70,124.58,1.06,0.49,193.10,1,校园一卡通
411,511,王二,2024-01-08 20:04:00,2024-01-08 04:04:00,8.30,1125.40,0.97,0.69,1868.16,1,校园一卡通
412,648,高峰,2024-01-11 01:00:00,2024-01-11 05:00:00,4.90,337.46,1.07,0.41,499.45,1,校园一卡通
413,514,孙八,2025-04-05 13:02:00,2025-04-05 15:02:00,2.90,110.66,0.94,0.37,144.97,1,银行卡
414,107,王二,2024-12-10 17:13:00,2024-12-10 01:13:00,8.00,553.28,1.39,0.51,1051.23,1,支付宝
415,750,林小,2024-07-18 03:33:00,2024-07-18 04:33:00,1.70,131.22,1.39,0.49,246.70,1,支付宝
416,197,高峰,2024-01-18 16:47:00,2024-01-18 21:47:00,5.60,178.92,1.05,0.69,311.32,1,支付宝
417,326,周九,2024-06-13 09:37:00,2024-06-13 14:37:00,5.50,142.56,1.20,0.30,213.84,1,微信
418,992,王五,2024-08-11 01:19:00,2024-08-11 05:19:00,4.20,262.08,1.46,0.53,521.54,1,校园一卡通
419,726,郭伟,2024-11-17 18:39:00,2024-11-17 22:39:00,4.50,157.14,1.15,0.58,271.85,1,校园一卡通
420,21,孙八,2025-07-10 10:16:00,2025-07-10 18:16:00,8.00,242.72,1.52,0.49,487.87,1,校园一卡通
421,209,黄明,2024-08-18 05:34:00,2024-08-18 06:34:00,1.00,52.80,1.07,0.56,86.06,1,支付宝
422,163,孙八,2024-04-09 04:08:00,2024-04-09 11:08:00,7.20,1211.76,0.82,0.32,1381.41,1,校园一卡通
423,285,林小,2024-02-13 23:31:00,2024-02-13 02:31:00,3.90,199.29,0.84,0.68,302.92,1,银行卡
424,105,钱七,2025-07-09 16:21:00,2025-07-09 20:21:00,4.70,354.76,0.85,0.55,496.66,1,校园一卡通
425,948,郭伟,2024-07-03 06:46:00,2024-07-03 13:46:00,7.40,1041.92,0.92,0.59,1573.30,1,微信
426,545,林小,2025-12-10 16:04:00,2025-12-10 19:04:00,3.30,190.31,1.47,0.54,382.53,1,支付宝
427,684,李四,2024-02-18 13:10:00,2024-02-18 18:10:00,5.20,326.51,1.10,0.47,512.62,1,支付宝
428,592,王五,2025-12-06 11:16:00,2025-12-06 12:16:00,1.60,177.41,0.98,0.36,237.73,1,银行卡
429,296,郑一,2025-05-08 19:52:00,2025-05-08 21:52:00,2.90,398.11,1.50,0.49,792.24,1,校园一卡通
430,28,何勇,2025-09-02 21:34:00,2025-09-02 22:34:00,1.90,221.46,0.94,0.56,332.20,1,支付宝
431,424,林小,2025-07-04 01:56:00,2025-07-04 05:56:00,4.70,654.80,1.01,0.40,923.27,1,支付宝
432,308,张三,2025-04-21 22:03:00,2025-04-21 06:03:00,8.10,298.89,1.14,0.57,511.10,1,校园一卡通
433,479,王二,2025-11-22 19:13:00,2025-11-22 01:13:00,6.40,549.50,1.01,0.65,912.18,1,支付宝
434,966,黄明,2025-06-27 17:39:00,2025-06-27 00:39:00,7.80,573.30,1.31,0.32,934.48,1,银行卡
435,803,张三,2024-12-18 23:35:00,2024-12-18 04:35:00,5.20,637.73,1.13,0.38,962.97,1,校园一卡通
436,477,王五,2024-06-25 16:29:00,2024-06-25 22:29:00,6.90,839.04,1.11,0.60,1434.76,1,支付宝
437,938,张三,2025-10-03 04:54:00,2025-10-03 07:54:00,3.40,362.30,0.93,0.44,496.36,1,微信
438,481,李四,2025-09-24 23:50:00,2025-09-24 01:50:00,2.20,140.58,1.01,0.38,195.41,0,校园一卡通
439,170,郑一,2024-08-17 12:20:00,2024-08-17 17:20:00,5.20,200.93,0.92,0.31,247.14,1,银行卡
440,667,周九,2024-03-15 14:53:00,2024-03-15 20:53:00,6.50,808.08,1.34,0.30,1325.25,1,校园一卡通
441,490,孙八,2025-03-09 04:34:00,2025-03-09 10:34:00,6.90,153.18,1.31,0.65,300.23,1,校园一卡通
442,384,张三,2025-09-28 18:35:00,2025-09-28 00:35:00,6.70,774.65,1.39,0.53,1487.34,0,微信
443,975,郑一,2025-07-12 19:14:00,2025-07-12 00:14:00,5.40,283.50,0.89,0.43,374.22,1,校园一卡通
444,310,刘强,2025-07-23 21:44:00,2025-07-23 03:44:00,6.50,445.44,1.03,0.45,659.26,1,支付宝
445,265,朱磊,2024-09-14 09:28:00,2024-09-14 17:28:00,8.20,919.55,1.29,0.66,1793.12,1,校园一卡通
446,277,杨帆,2024-04-18 12:10:00,2024-04-18 18:10:00,6.60,616.77,1.43,0.45,1159.53,1,校园一卡通
447,911,朱磊,2024-05-28 18:08:00,2024-05-28 00:08:00,6.70,375.80,0.90,0.46,511.09,1,校园一卡通
448,696,赵六,2025-11-20 02:18:00,2025-11-20 05:18:00,3.40,247.52,1.35,0.41,435.64,1,银行卡
449,127,黄明,2024-08-11 19:55:00,2024-08-11 01:55:00,6.80,406.50,0.85,0.30,467.48,1,校园一卡通
450,900,黄明,2024-12-09 11:59:00,2024-12-09 19:59:00,8.40,455.11,1.28,0.65,878.37,1,银行卡
451,387,孙八,2025-08-15 04:18:00,2025-08-15 07:18:00,3.90,526.58,1.18,0.48,874.12,1,支付宝
452,679,钱七,2024-07-21 11:57:00,2024-07-21 13:57:00,2.20,84.66,0.96,0.56,128.68,0,银行卡
453,736,陈大,2025-02-19 14:59:00,2025-02-19 19:59:00,5.70,679.10,0.80,0.63,971.11,1,银行卡
454,44,黄明,2025-04-20 08:50:00,2025-04-20 12:50:00,4.40,341.44,1.30,0.32,553.13,1,支付宝
455,169,周九,2025-08-27 07:17:00,2025-08-27 13:17:00,6.90,670.47,1.23,0.46,1133.10,1,校园一卡通
456,478,朱磊,2025-04-04 13:20:00,2025-04-04 15:20:00,2.20,206.91,1.26,0.44,351.75,1,校园一卡通
457,315,郭伟,2025-08-15 11:21:00,2025-08-15 13:21:00,2.20,227.30,1.21,0.68,429.60,1,银行卡
458,939,王二,2025-03-16 17:55:00,2025-03-16 23:55:00,6.70,261.37,1.38,0.54,501.82,1,银行卡
459,506,陈大,2024-12-18 21:13:00,2024-12-18 05:13:00,8.20,833.53,0.88,0.56,1200.28,1,支付宝
460,731,黄明,2025-02-21 07:23:00,2025-02-21 09:23:00,2.50,286.65,0.82,0.66,424.24,1,校园一卡通
461,820,李四,2025-08-23 07:45:00,2025-08-23 08:45:00,1.90,67.83,1.21,0.47,113.95,1,支付宝
462,425,杨帆,2025-10-03 14:13:00,2025-10-03 16:13:00,2.10,158.42,1.17,0.35,240.80,1,微信
463,427,王二,2025-09-21 13:36:00,2025-09-21 18:36:00,5.40,789.26,0.81,0.67,1168.11,1,银行卡
464,24,钱七,2024-12-26 03:50:00,2024-12-26 04:50:00,1.60,152.64,0.97,0.68,251.86,1,银行卡
465,824,高峰,2024-03-01 08:54:00,2024-03-01 12:54:00,4.10,253.87,0.94,0.62,396.04,1,银行卡
466,81,王五,2025-07-25 22:29:00,2025-07-25 06:29:00,8.30,901.71,1.44,0.56,1803.42,1,支付宝
467,902,陈大,2024-08-23 09:55:00,2024-08-23 15:55:00,6.40,577.34,1.09,0.55,946.84,1,微信
468,604,高峰,2025-01-14 10:50:00,2025-01-14 11:50:00,1.20,49.07,1.48,0.62,103.04,1,银行卡
469,117,王二,2025-10-10 05:57:00,2025-10-10 05:57:00,0.90,31.88,1.22,0.60,58.02,1,校园一卡通
470,205,林小,2024-06-23 09:50:00,2024-06-23 13:50:00,4.90,627.20,1.27,0.63,1191.68,1,银行卡
471,952,孙八,2024-10-02 08:38:00,2024-10-02 11:38:00,3.30,252.65,1.37,0.56,487.61,1,银行卡
472,561,赵六,2025-07-05 07:28:00,2025-07-05 09:28:00,2.00,181.72,1.35,0.58,350.72,1,支付宝
473,241,郭伟,2025-10-23 12:00:00,2025-10-23 12:00:00,0.60,63.47,1.32,0.63,123.76,1,银行卡
474,969,胡涛,2025-05-02 21:44:00,2025-05-02 23:44:00,2.30,233.15,1.53,0.50,473.30,1,支付宝
475,307,林小,2024-10-11 20:26:00,2024-10-11 23:26:00,3.00,276.48,0.85,0.47,364.95,1,银行卡
476,342,郑一,2024-12-28 17:23:00,2024-12-28 23:23:00,6.70,478.25,0.92,0.53,693.46,1,微信
477,352,孙八,2024-10-10 04:55:00,2024-10-10 04:55:00,0.70,39.12,1.16,0.57,67.68,1,银行卡
478,373,王二,2025-02-24 11:15:00,2025-02-24 14:15:00,3.50,91.35,1.52,0.56,190.01,1,银行卡
479,476,高峰,2025-07-04 19:09:00,2025-07-04 23:09:00,4.90,433.55,1.31,0.56,810.74,1,校园一卡通
480,517,林小,2025-07-23 03:16:00,2025-07-23 08:16:00,5.30,327.22,0.87,0.33,392.67,1,校园一卡通
481,417,王五,2024-10-20 03:51:00,2024-10-20 10:51:00,7.20,740.30,1.37,0.57,1436.19,0,支付宝
482,974,黄明,2024-03-12 10:51:00,2024-03-12 13:51:00,3.50,449.08,0.92,0.69,723.03,1,支付宝
483,60,李四,2025-08-04 07:30:00,2025-08-04 12:30:00,5.40,829.66,1.41,0.52,1601.24,1,银行卡
484,252,王五,2025-06-01 13:30:00,2025-06-01 19:30:00,6.30,614.25,0.97,0.68,1013.51,1,银行卡
485,192,高峰,2025-08-24 07:49:00,2025-08-24 09:49:00,2.50,292.60,1.00,0.57,459.38,1,银行卡
486,28,钱七,2024-07-07 17:56:00,2024-07-07 23:56:00,6.20,547.40,0.86,0.41,695.20,1,微信
487,17,孙八,2025-06-19 00:11:00,2025-06-19 08:11:00,8.00,306.00,1.58,0.30,575.28,1,校园一卡通
488,37,黄明,2024-12-09 03:42:00,2024-12-09 05:42:00,2.20,153.45,1.04,0.62,254.73,1,微信
489,219,刘强,2025-01-19 15:06:00,2025-01-19 19:06:00,4.40,589.38,1.08,0.32,825.13,1,银行卡
490,875,郑一,2024-08-27 14:26:00,2024-08-27 19:26:00,5.80,488.59,0.95,0.39,654.71,1,微信
491,932,杨帆,2024-07-12 23:25:00,2024-07-12 02:25:00,3.60,325.87,1.34,0.64,645.23,1,校园一卡通
492,120,胡涛,2024-09-04 11:06:00,2024-09-04 17:06:00,6.80,652.26,1.40,0.45,1206.67,0,校园一卡通
493,695,陈大,2025-03-24 16:03:00,2025-03-24 21:03:00,5.60,543.31,1.39,0.63,1097.49,1,支付宝
494,276,林小,2025-01-21 12:00:00,2025-01-21 14:00:00,2.00,223.56,0.81,0.38,266.04,1,校园一卡通
495,706,陈大,2025-03-13 03:49:00,2025-03-13 05:49:00,2.60,455.60,0.88,0.61,678.84,1,支付宝
496,118,王二,2024-11-04 09:12:00,2024-11-04 09:12:00,0.90,136.93,0.81,0.58,190.34,1,银行卡
497,122,王二,2024-11-04 11:15:00,2024-11-04 15:15:00,4.20,320.17,1.58,0.30,601.91,0,支付宝
498,451,郑一,2024-03-24 14:54:00,2024-03-24 18:54:00,4.60,457.06,0.90,0.65,708.44,1,微信
499,949,高峰,2024-01-12 22:48:00,2024-01-12 23:48:00,1.70,177.23,1.09,0.46,274.70,1,校园一卡通
500,342,李四,2025-02-05 13:46:00,2025-02-05 15:46:00,2.20,209.09,0.81,0.59,292.72,1,微信
501,904,杨帆,2024-06-25 04:19:00,2024-06-25 10:19:00,6.50,171.27,1.50,0.39,323.71,1,校园一卡通
502,912,李四,2024-10-27 23:37:00,2024-10-27 03:37:00,4.20,262.42,1.11,0.40,396.25,1,支付宝
503,235,李四,2024-08-22 07:49:00,2024-08-22 12:49:00,5.80,770.70,1.45,0.39,1418.10,1,支付宝
504,514,胡涛,2024-06-12 17:06:00,2024-06-12 22:06:00,5.00,440.70,1.37,0.57,854.96,0,微信
505,961,郑一,2025-09-24 03:23:00,2025-09-24 10:23:00,7.90,303.36,0.91,0.39,394.37,1,校园一卡通
506,464,陈大,2025-04-02 13:20:00,2025-04-02 21:20:00,8.20,1025.49,1.00,0.46,1497.22,1,银行卡
507,612,李四,2024-01-10 23:15:00,2024-01-10 06:15:00,7.40,768.71,1.31,0.58,1452.87,1,校园一卡通
508,600,张三,2025-03-02 05:37:00,2025-03-02 05:37:00,0.70,103.95,1.54,0.65,227.65,1,银行卡
509,672,孙八,2025-07-17 21:32:00,2025-07-17 22:32:00,1.30,147.26,1.34,0.66,294.53,1,校园一卡通
510,84,李四,2024-06-22 07:23:00,2024-06-22 12:23:00,5.00,226.95,1.51,0.35,422.13,1,支付宝
511,749,王五,2025-05-12 14:54:00,2025-05-12 15:54:00,1.10,53.22,1.52,0.65,115.48,1,支付宝
512,332,郭伟,2025-01-16 13:02:00,2025-01-16 21:02:00,8.30,444.88,1.20,0.54,774.09,0,支付宝
513,219,高峰,2025-04-04 09:43:00,2025-04-04 14:43:00,5.40,787.97,1.32,0.54,1465.62,1,支付宝
514,487,李四,2025-12-16 12:38:00,2025-12-16 14:38:00,2.60,60.45,1.00,0.42,85.84,1,微信
515,946,张三,2025-05-28 21:19:00,2025-05-28 21:19:00,0.90,71.28,1.51,0.38,134.72,1,微信
516,691,钱七,2024-10-15 08:26:00,2024-10-15 09:26:00,1.00,127.82,1.40,0.35,223.68,1,支付宝
517,567,高峰,2025-06-25 21:09:00,2025-06-25 21:09:00,0.90,52.40,1.52,0.61,111.61,1,微信
518,434,王五,2024-12-24 13:25:00,2024-12-24 20:25:00,7.80,590.15,0.80,0.58,814.40,1,校园一卡通
519,229,杨帆,2025-09-03 04:47:00,2025-09-03 09:47:00,5.50,465.30,1.55,0.52,963.17,1,支付宝
520,87,杨帆,2025-09-06 17:07:00,2025-09-06 21:07:00,4.80,264.96,1.47,0.59,545.82,1,支付宝
521,315,钱七,2024-07-26 01:04:00,2024-07-26 01:04:00,0.90,98.83,0.88,0.53,139.35,0,支付宝
522,417,孙八,2025-08-12 16:23:00,2025-08-12 20:23:00,4.00,192.64,1.13,0.48,310.15,1,支付宝
523,794,周九,2024-10-07 12:03:00,2024-10-07 17:03:00,5.80,502.69,1.34,0.45,899.81,1,校园一卡通
524,575,郑一,2024-11-21 07:00:00,2024-11-21 15:00:00,8.20,397.78,0.94,0.59,608.61,1,微信
525,242,周九,2025-10-01 16:10:00,2025-10-01 22:10:00,6.20,230.89,1.08,0.34,327.86,1,微信
526,229,周九,2025-06-04 13:49:00,2025-06-04 14:49:00,1.80,115.18,0.98,0.49,169.32,1,银行卡
527,454,何勇,2024-05-21 11:20:00,2024-05-21 15:20:00,4.30,257.74,1.38,0.53,492.29,1,校园一卡通
528,918,朱磊,2025-09-19 23:09:00,2025-09-19 05:09:00,6.00,368.52,1.47,0.53,737.04,1,银行卡
529,124,李四,2024-03-02 13:27:00,2024-03-02 16:27:00,3.50,483.63,1.01,0.32,643.23,1,银行卡
530,2,黄明,2025-05-09 11:31:00,2025-05-09 18:31:00,7.90,982.84,0.98,0.50,1454.60,1,微信
531,337,赵六,2024-02-08 21:33:00,2024-02-08 21:33:00,0.70,33.20,1.13,0.51,54.45,1,支付宝
532,834,胡涛,2024-06-05 23:58:00,2024-06-05 05:58:00,6.60,225.72,1.21,0.61,410.81,1,银行卡
533,252,何勇,2024-02-27 02:49:00,2024-02-27 07:49:00,5.60,724.42,1.46,0.60,1492.30,1,银行卡
534,809,刘强,2024-12-01 10:36:00,2024-12-01 15:36:00,5.00,762.30,1.15,0.65,1372.14,1,微信
535,841,郭伟,2025-11-02 07:34:00,2025-11-02 13:34:00,6.40,286.27,1.00,0.37,392.19,1,银行卡
536,181,吴十,2024-11-28 03:15:00,2024-11-28 08:15:00,5.80,155.79,1.57,0.37,302.23,1,校园一卡通
537,961,赵六,2025-09-13 16:12:00,2025-09-13 17:12:00,1.70,79.76,0.90,0.66,124.43,1,校园一卡通
538,357,刘强,2024-08-03 00:28:00,2024-08-03 05:28:00,5.10,674.42,1.57,0.59,1456.76,1,微信
539,376,杨帆,2024-12-27 21:21:00,2024-12-27 23:21:00,2.70,74.30,1.01,0.42,106.25,1,银行卡
540,93,孙八,2025-04-14 02:35:00,2025-04-14 03:35:00,1.30,51.17,1.13,0.34,75.22,1,支付宝
541,967,李四,2024-05-04 20:13:00,2024-05-04 23:13:00,3.50,401.94,1.19,0.54,695.36,0,校园一卡通
542,480,何勇,2025-09-18 07:03:00,2025-09-18 14:03:00,7.90,1043.27,1.39,0.39,1857.03,1,微信
543,115,钱七,2024-04-16 11:49:00,2024-04-16 12:49:00,1.70,168.57,1.04,0.64,283.20,1,银行卡
544,661,钱七,2024-02-01 07:23:00,2024-02-01 13:23:00,6.00,406.56,1.38,0.39,719.61,0,校园一卡通
545,245,吴十,2025-11-04 05:21:00,2025-11-04 12:21:00,7.50,659.85,1.03,0.69,1134.94,1,校园一卡通
546,790,钱七,2024-03-09 11:20:00,2024-03-09 11:20:00,0.60,70.49,1.54,0.63,152.96,1,微信
547,395,何勇,2025-02-28 21:38:00,2025-02-28 01:38:00,4.90,433.16,0.83,0.54,593.43,1,支付宝
548,868,黄明,2025-05-21 10:49:00,2025-05-21 10:49:00,0.70,66.82,1.12,0.47,106.25,1,银行卡
549,703,吴十,2024-05-28 02:22:00,2024-05-28 04:22:00,2.50,399.35,1.39,0.51,758.77,1,微信
550,430,张三,2024-11-26 14:13:00,2024-11-26 18:13:00,4.50,446.31,1.27,0.36,727.49,1,银行卡
551,822,林小,2024-11-10 10:25:00,2024-11-10 14:25:00,4.30,440.11,1.32,0.41,761.38,1,支付宝
552,707,陈大,2024-09-01 23:28:00,2024-09-01 02:28:00,3.70,493.73,0.95,0.45,691.22,1,银行卡
553,412,何勇,2024-08-01 09:43:00,2024-08-01 13:43:00,4.60,412.53,1.22,0.45,688.92,1,银行卡
554,549,赵六,2024-01-01 06:16:00,2024-01-01 11:16:00,5.90,537.96,1.44,0.49,1038.27,1,校园一卡通
555,5,王二,2024-09-24 02:02:00,2024-09-24 04:02:00,2.00,223.44,1.06,0.65,382.08,1,支付宝
556,993,杨帆,2024-12-11 12:21:00,2024-12-11 20:21:00,8.20,348.50,1.22,0.38,557.60,1,银行卡
557,702,何勇,2025-06-02 15:42:00,2025-06-02 18:42:00,3.60,473.47,1.41,0.62,961.15,1,微信
558,549,杨帆,2025-06-08 03:06:00,2025-06-08 04:06:00,1.50,99.96,1.05,0.68,172.93,1,支付宝
559,781,何勇,2024-04-16 06:55:00,2024-04-16 06:55:00,0.70,72.45,1.20,0.35,112.30,1,银行卡
560,905,朱磊,2025-12-23 05:54:00,2025-12-23 06:54:00,1.00,119.04,1.01,0.60,191.65,1,银行卡
561,431,孙八,2025-04-23 04:23:00,2025-04-23 10:23:00,6.90,330.17,0.83,0.53,449.02,0,支付宝
562,816,孙八,2024-10-11 20:15:00,2024-10-11 03:15:00,7.00,349.86,0.86,0.43,451.32,1,微信
563,841,朱磊,2024-11-15 06:37:00,2024-11-15 10:37:00,4.80,591.84,0.87,0.30,692.45,1,支付宝
564,608,郑一,2024-04-07 18:01:00,2024-04-07 02:01:00,8.00,450.24,1.37,0.59,882.47,0,微信
565,192,李四,2024-07-12 21:01:00,2024-07-12 22:01:00,1.70,194.92,1.24,0.67,372.30,1,微信
566,24,林小,2025-08-27 09:13:00,2025-08-27 16:13:00,7.10,389.15,1.57,0.59,840.57,1,校园一卡通
567,444,赵六,2024-02-16 10:16:00,2024-02-16 14:16:00,4.90,819.87,1.15,0.32,1205.21,1,支付宝
568,138,吴十,2025-06-10 05:03:00,2025-06-10 06:03:00,1.20,138.02,0.98,0.53,208.42,1,银行卡
569,474,黄明,2024-01-25 03:33:00,2024-01-25 10:33:00,7.40,1004.33,0.80,0.39,1195.15,1,支付宝
570,593,何勇,2025-03-26 01:22:00,2025-03-26 06:22:00,5.80,221.68,1.31,0.64,432.27,1,银行卡
571,241,赵六,2024-07-05 12:29:00,2024-07-05 19:29:00,7.90,942.86,1.39,0.57,1848.02,1,微信
572,908,黄明,2024-07-26 22:11:00,2024-07-26 22:11:00,0.60,78.66,1.46,0.47,151.81,1,支付宝
573,903,钱七,2024-06-14 09:52:00,2024-06-14 09:52:00,0.90,30.57,0.87,0.67,47.08,0,支付宝
574,19,王二,2024-05-07 03:09:00,2024-05-07 05:09:00,2.60,104.00,1.48,0.58,214.24,1,微信
575,413,郭伟,2025-11-02 03:57:00,2025-11-02 11:57:00,8.40,228.48,1.47,0.45,438.68,1,微信
576,945,黄明,2024-08-24 17:47:00,2024-08-24 23:47:00,6.20,236.96,1.41,0.52,457.34,1,银行卡
577,56,高峰,2024-06-11 08:20:00,2024-06-11 15:20:00,7.30,608.97,1.13,0.47,974.35,0,微信
578,155,朱磊,2024-01-16 22:34:00,2024-01-16 02:34:00,4.00,603.52,1.10,0.36,881.14,1,微信
579,609,赵六,2025-08-19 00:14:00,2025-08-19 07:14:00,7.60,281.58,0.84,0.36,337.90,1,微信
580,199,王二,2025-02-09 21:40:00,2025-02-09 23:40:00,2.20,114.58,1.41,0.31,197.07,1,银行卡
581,359,周九,2024-08-07 05:40:00,2024-08-07 09:40:00,4.10,634.84,1.25,0.51,1117.33,1,银行卡
582,32,黄明,2024-12-05 20:28:00,2024-12-05 03:28:00,7.40,821.40,1.00,0.54,1264.96,1,银行卡
583,659,钱七,2024-06-04 02:43:00,2024-06-04 07:43:00,5.80,221.33,1.04,0.44,327.57,1,校园一卡通
584,433,何勇,2025-08-17 21:32:00,2025-08-17 03:32:00,6.80,1180.68,1.09,0.43,1794.64,0,校园一卡通
585,628,高峰,2024-10-10 23:15:00,2024-10-10 05:15:00,6.00,839.04,1.00,0.47,1233.39,1,支付宝
586,336,周九,2025-09-12 16:45:00,2025-09-12 18:45:00,2.20,61.95,1.25,0.42,103.46,1,支付宝
587,396,朱磊,2025-01-13 11:46:00,2025-01-13 19:46:00,8.30,876.48,0.97,0.35,1156.95,1,银行卡
588,189,郭伟,2025-06-27 01:29:00,2025-06-27 09:29:00,8.30,399.98,0.96,0.37,531.97,1,校园一卡通
589,626,王二,2025-10-01 11:12:00,2025-10-01 13:12:00,2.60,168.92,1.09,0.69,300.68,1,校园一卡通
590,883,吴十,2025-07-10 06:03:00,2025-07-10 08:03:00,2.50,83.85,1.32,0.40,144.22,1,微信
591,185,刘强,2025-07-22 02:12:00,2025-07-22 05:12:00,3.20,184.32,1.29,0.31,294.91,1,微信
592,405,郑一,2025-02-13 04:10:00,2025-02-13 12:10:00,8.10,1012.10,0.89,0.55,1457.42,1,银行卡
593,329,钱七,2025-09-19 02:29:00,2025-09-19 03:29:00,1.50,189.74,1.04,0.67,324.45,1,校园一卡通
594,821,朱磊,2025-04-14 09:06:00,2025-04-14 12:06:00,3.60,138.74,1.04,0.68,238.64,0,微信
595,853,王五,2024-01-18 18:25:00,2024-01-18 22:25:00,4.60,671.97,0.81,0.64,974.35,1,校园一卡通
596,273,郭伟,2024-04-17 21:35:00,2024-04-17 22:35:00,1.70,248.68,1.30,0.37,415.29,1,校园一卡通
597,908,郑一,2024-08-08 15:45:00,2024-08-08 22:45:00,7.30,236.08,1.50,0.44,458.00,1,校园一卡通
598,766,王二,2025-10-23 13:18:00,2025-10-23 18:18:00,5.90,556.49,0.92,0.61,851.43,1,校园一卡通
599,635,郭伟,2025-01-10 00:35:00,2025-01-10 06:35:00,6.30,798.53,1.24,0.58,1453.32,1,校园一卡通
600,345,胡涛,2024-07-21 15:51:00,2024-07-21 19:51:00,4.00,380.24,1.04,0.57,612.19,1,银行卡
601,347,李四,2025-04-04 12:04:00,2025-04-04 13:04:00,1.20,67.31,0.93,0.54,98.94,1,支付宝
602,195,朱磊,2024-12-17 13:52:00,2024-12-17 20:52:00,7.10,598.39,1.18,0.69,1118.99,1,微信
603,694,周九,2024-07-05 15:02:00,2024-07-05 22:02:00,7.20,265.68,0.99,0.30,342.73,1,校园一卡通
604,285,胡涛,2024-09-20 11:11:00,2024-09-20 17:11:00,6.50,785.46,1.40,0.48,1476.66,1,微信
605,992,林小,2025-04-23 05:25:00,2025-04-23 08:25:00,3.20,393.98,0.87,0.35,480.66,1,微信
606,772,王二,2024-08-01 03:27:00,2024-08-01 05:27:00,2.00,71.00,1.30,0.54,130.64,1,校园一卡通
607,259,陈大,2025-02-20 13:43:00,2025-02-20 21:43:00,8.30,880.96,0.90,0.65,1365.49,1,支付宝
608,935,何勇,2025-01-12 12:54:00,2025-01-12 19:54:00,7.50,519.75,1.14,0.37,784.82,1,微信
609,827,郭伟,2025-09-13 17:05:00,2025-09-13 00:05:00,7.90,245.06,1.14,0.66,441.10,0,校园一卡通
610,934,钱七,2024-08-15 06:43:00,2024-08-15 12:43:00,6.50,441.35,1.26,0.42,741.47,1,微信
611,939,黄明,2024-05-25 12:15:00,2024-05-25 16:15:00,4.40,127.78,0.87,0.65,194.22,1,支付宝
612,789,吴十,2024-09-15 08:26:00,2024-09-15 08:26:00,0.80,55.73,1.15,0.35,83.59,0,银行卡
613,375,张三,2025-07-17 22:04:00,2025-07-17 00:04:00,2.50,353.77,1.43,0.46,668.63,1,校园一卡通
614,177,刘强,2024-07-06 05:07:00,2024-07-06 07:07:00,2.10,182.28,0.94,0.64,288.00,1,支付宝
615,756,吴十,2025-05-10 04:19:00,2025-05-10 04:19:00,0.60,34.60,1.20,0.53,59.86,0,微信
616,649,胡涛,2025-08-11 12:03:00,2025-08-11 18:03:00,6.20,550.56,0.92,0.30,671.68,1,支付宝
617,5,钱七,2025-12-27 03:17:00,2025-12-27 09:17:00,6.60,458.83,1.49,0.35,844.25,1,银行卡
618,761,何勇,2024-08-20 15:24:00,2024-08-20 20:24:00,5.40,324.76,1.35,0.35,552.09,0,校园一卡通
619,111,钱七,2024-04-17 22:11:00,2024-04-17 03:11:00,5.40,341.23,1.23,0.43,566.44,0,微信
620,363,杨帆,2025-07-07 22:05:00,2025-07-07 02:05:00,4.00,567.84,1.58,0.57,1220.86,1,支付宝
621,719,朱磊,2025-06-12 22:59:00,2025-06-12 23:59:00,1.70,159.88,1.09,0.54,260.61,1,微信
622,727,王五,2025-07-09 12:46:00,2025-07-09 17:46:00,5.00,702.00,1.49,0.44,1354.86,1,微信
623,242,钱七,2024-06-19 09:14:00,2024-06-19 15:14:00,6.90,898.79,1.17,0.34,1357.18,1,微信
624,436,王五,2024-10-27 02:17:00,2024-10-27 03:17:00,1.90,297.16,0.94,0.54,439.80,1,校园一卡通
625,420,吴十,2024-02-23 06:24:00,2024-02-23 09:24:00,3.30,83.03,1.49,0.68,180.17,1,校园一卡通
626,559,吴十,2025-05-07 11:52:00,2025-05-07 16:52:00,5.60,397.82,1.35,0.53,747.91,1,微信
627,917,黄明,2024-06-20 00:15:00,2024-06-20 04:15:00,4.80,610.94,1.10,0.64,1063.04,1,校园一卡通
628,891,黄明,2025-02-01 16:24:00,2025-02-01 17:24:00,1.90,283.56,1.01,0.59,453.69,1,支付宝
629,665,杨帆,2024-09-20 16:44:00,2024-09-20 17:44:00,1.80,153.74,1.59,0.48,318.24,1,支付宝
630,394,郭伟,2025-11-20 20:03:00,2025-11-20 23:03:00,3.00,405.72,1.44,0.55,807.38,1,银行卡
631,622,陈大,2025-12-03 15:55:00,2025-12-03 20:55:00,5.70,410.91,1.13,0.58,702.66,1,银行卡
632,610,周九,2024-07-01 10:54:00,2024-07-01 14:54:00,4.60,404.98,1.28,0.41,684.42,1,支付宝
633,275,陈大,2024-09-15 20:53:00,2024-09-15 23:53:00,3.80,359.10,0.82,0.47,463.24,1,微信
634,35,何勇,2025-04-26 14:21:00,2025-04-26 19:21:00,5.80,454.72,1.03,0.43,663.89,1,银行卡
635,71,孙八,2025-06-24 03:00:00,2025-06-24 09:00:00,6.90,586.85,1.27,0.66,1132.61,1,支付宝
636,616,孙八,2024-01-04 09:47:00,2024-01-04 16:47:00,7.80,473.93,1.11,0.54,781.98,1,微信
637,360,胡涛,2025-07-11 14:58:00,2025-07-11 14:58:00,0.60,60.02,0.86,0.53,83.43,1,校园一卡通
638,427,周九,2025-01-24 00:36:00,2025-01-24 04:36:00,4.30,137.26,0.86,0.66,208.63,1,校园一卡通
639,957,周九,2024-01-21 09:17:00,2024-01-21 10:17:00,1.40,97.02,1.23,0.66,183.37,1,支付宝
640,71,张三,2024-09-02 15:05:00,2024-09-02 20:05:00,5.00,739.35,1.35,0.66,1486.09,1,校园一卡通
641,118,朱磊,2025-04-18 00:26:00,2025-04-18 04:26:00,4.50,182.25,1.38,0.40,324.40,1,微信
642,632,吴十,2024-10-21 09:07:00,2024-10-21 12:07:00,3.20,431.20,1.56,0.55,909.83,1,微信
643,586,吴十,2025-11-26 03:21:00,2025-11-26 09:21:00,6.40,598.02,1.10,0.68,1064.47,1,支付宝
644,588,杨帆,2025-11-13 04:07:00,2025-11-13 08:07:00,4.40,314.34,0.82,0.44,396.06,1,校园一卡通
645,744,刘强,2024-10-22 05:01:00,2024-10-22 12:01:00,7.40,291.26,1.28,0.58,541.75,1,支付宝
646,648,胡涛,2025-05-27 19:09:00,2025-05-27 01:09:00,6.20,1026.72,1.56,0.34,1950.77,1,支付宝
647,746,何勇,2024-01-19 01:28:00,2024-01-19 02:28:00,1.40,127.01,0.82,0.68,190.51,1,银行卡
648,588,吴十,2025-11-06 19:58:00,2025-11-06 22:58:00,3.30,330.33,1.24,0.36,528.53,1,校园一卡通
649,198,林小,2025-02-27 22:44:00,2025-02-27 06:44:00,8.00,917.60,1.09,0.50,1458.98,1,银行卡
650,656,赵六,2025-12-22 01:03:00,2025-12-22 03:03:00,2.90,412.09,1.42,0.69,869.51,1,银行卡
651,983,刘强,2024-12-20 12:42:00,2024-12-20 18:42:00,6.10,400.53,1.20,0.50,680.89,1,银行卡
652,28,郑一,2024-06-17 03:36:00,2024-06-17 09:36:00,6.20,906.19,1.34,0.64,1794.26,1,银行卡
653,67,黄明,2025-10-02 07:35:00,2025-10-02 09:35:00,2.40,261.00,0.91,0.49,365.40,1,微信
654,961,刘强,2025-10-09 07:45:00,2025-10-09 12:45:00,5.70,258.55,1.08,0.56,424.03,1,微信
655,446,孙八,2024-10-04 19:29:00,2024-10-04 02:29:00,7.00,880.11,1.16,0.34,1320.17,1,校园一卡通
656,558,王二,2024-05-23 01:07:00,2024-05-23 08:07:00,7.90,912.45,1.49,0.34,1669.78,1,微信
657,223,胡涛,2024-07-22 16:40:00,2024-07-22 21:40:00,5.90,315.95,1.53,0.39,606.61,1,支付宝
658,496,郑一,2024-12-17 01:18:00,2024-12-17 09:18:00,8.20,827.05,1.48,0.63,1745.08,1,支付宝
659,657,周九,2025-12-25 00:42:00,2025-12-25 03:42:00,3.80,159.60,1.26,0.38,261.74,1,银行卡
660,840,胡涛,2025-03-23 19:09:00,2025-03-23 23:09:00,4.00,647.96,0.97,0.62,1030.26,1,微信
661,413,高峰,2025-10-11 06:39:00,2025-10-11 08:39:00,2.60,315.54,1.52,0.46,624.76,1,支付宝
662,884,周九,2025-02-27 08:58:00,2025-02-27 12:58:00,4.60,129.03,1.22,0.65,241.29,1,银行卡
663,694,何勇,2024-07-16 17:57:00,2024-07-16 23:57:00,6.30,378.88,1.14,0.49,617.58,0,微信
664,126,王五,2025-09-06 05:40:00,2025-09-06 09:40:00,4.70,550.04,0.89,0.38,698.55,1,支付宝
665,877,李四,2025-09-28 02:18:00,2025-09-28 06:18:00,4.10,251.66,1.26,0.51,445.43,1,支付宝
666,673,周九,2024-09-28 18:54:00,2024-09-28 00:54:00,6.80,296.55,0.85,0.65,444.82,1,支付宝
667,397,郑一,2025-02-07 09:47:00,2025-02-07 11:47:00,2.20,85.54,0.94,0.52,124.88,1,支付宝
668,606,高峰,2025-07-12 22:33:00,2025-07-12 02:33:00,4.60,787.84,1.07,0.40,1158.13,1,微信
669,289,李四,2024-09-19 23:29:00,2024-09-19 05:29:00,6.10,410.10,1.00,0.34,549.54,1,校园一卡通
670,825,郑一,2024-01-25 17:28:00,2024-01-25 23:28:00,6.50,687.63,1.11,0.31,976.44,1,校园一卡通
671,428,孙八,2025-09-25 23:05:00,2025-09-25 23:05:00,0.50,14.40,0.88,0.66,22.18,1,银行卡
672,873,胡涛,2024-02-24 18:59:00,2024-02-24 23:59:00,5.10,286.88,1.11,0.36,421.71,1,银行卡
673,641,李四,2024-03-22 22:41:00,2024-03-22 03:41:00,5.20,146.22,0.90,0.49,203.25,0,校园一卡通
674,135,周九,2025-11-23 17:54:00,2025-11-23 20:54:00,3.80,363.24,1.03,0.69,624.78,1,支付宝
675,132,何勇,2024-01-07 20:41:00,2024-01-07 22:41:00,2.50,302.33,0.88,0.61,450.46,1,校园一卡通
676,167,高峰,2024-10-25 23:55:00,2024-10-25 02:55:00,3.40,135.18,1.39,0.65,275.78,0,微信
677,841,王五,2025-06-18 03:39:00,2025-06-18 10:39:00,7.50,339.45,0.80,0.57,465.05,1,银行卡
678,381,朱磊,2025-05-10 05:22:00,2025-05-10 10:22:00,5.40,349.81,0.97,0.68,577.19,1,银行卡
679,643,胡涛,2025-12-07 08:02:00,2025-12-07 13:02:00,5.10,159.88,1.20,0.33,244.62,1,微信
680,633,吴十,2025-08-06 10:08:00,2025-08-06 11:08:00,1.50,192.21,1.26,0.31,301.77,1,支付宝
681,15,杨帆,2025-01-19 15:20:00,2025-01-19 17:20:00,2.30,109.25,1.40,0.67,226.15,1,微信
682,6,周九,2024-03-20 16:01:00,2024-03-20 23:01:00,7.30,1155.15,1.46,0.31,2044.62,1,微信
683,922,刘强,2025-01-10 12:14:00,2025-01-10 17:14:00,5.70,137.83,1.37,0.31,231.55,1,支付宝
684,382,林小,2025-03-04 01:10:00,2025-03-04 08:10:00,7.10,1131.10,0.87,0.36,1391.25,1,支付宝
685,608,钱七,2024-03-19 14:28:00,2024-03-19 21:28:00,7.90,527.33,0.89,0.55,759.35,1,支付宝
686,386,周九,2024-02-02 14:07:00,2024-02-02 18:07:00,4.60,188.23,1.51,0.53,383.99,1,微信
687,143,陈大,2025-06-20 06:02:00,2025-06-20 07:02:00,1.90,109.27,1.59,0.66,245.86,1,校园一卡通
688,17,陈大,2024-09-13 08:01:00,2024-09-13 08:01:00,0.60,66.42,1.25,0.50,116.24,1,支付宝
689,107,李四,2024-09-20 17:06:00,2024-09-20 20:06:00,3.00,363.54,1.48,0.53,730.72,1,银行卡
690,175,陈大,2025-02-04 03:27:00,2025-02-04 06:27:00,3.50,329.56,1.42,0.41,603.09,1,银行卡
691,618,陈大,2025-07-17 02:54:00,2025-07-17 05:54:00,3.30,409.46,1.46,0.50,802.55,1,校园一卡通
692,880,王五,2025-01-17 15:33:00,2025-01-17 19:33:00,4.80,818.50,1.03,0.69,1407.81,1,微信
693,954,朱磊,2024-08-01 19:20:00,2024-08-01 03:20:00,8.40,1316.70,1.27,0.46,2277.89,1,校园一卡通
694,364,郑一,2025-11-06 16:41:00,2025-11-06 20:41:00,4.50,578.34,0.89,0.44,769.19,1,校园一卡通
695,58,周九,2024-03-11 13:55:00,2024-03-11 14:55:00,1.80,191.70,1.09,0.30,266.46,1,微信
696,468,高峰,2025-09-21 00:17:00,2025-09-21 01:17:00,1.00,110.08,1.47,0.31,195.94,1,支付宝
697,614,钱七,2025-10-25 06:53:00,2025-10-25 14:53:00,8.30,1107.55,0.97,0.33,1439.82,1,微信
698,750,钱七,2025-05-15 20:37:00,2025-05-15 02:37:00,6.80,177.07,0.95,0.39,237.28,1,微信
699,543,郭伟,2025-07-25 10:59:00,2025-07-25 14:59:00,4.40,493.59,1.29,0.35,809.49,1,微信
700,645,林小,2025-11-10 04:51:00,2025-11-10 12:51:00,8.00,1063.92,1.13,0.54,1776.75,1,微信
701,674,孙八,2025-08-18 21:49:00,2025-08-18 02:49:00,5.20,529.93,0.98,0.33,694.21,1,银行卡
702,653,黄明,2025-06-27 06:36:00,2025-06-27 08:36:00,2.20,256.08,0.93,0.43,348.27,1,微信
703,975,朱磊,2024-08-28 08:10:00,2024-08-28 08:10:00,0.90,57.13,1.13,0.56,96.55,1,银行卡
704,246,刘强,2025-10-20 05:12:00,2025-10-20 12:12:00,7.90,540.36,1.19,0.58,956.44,0,支付宝
705,188,李四,2025-11-18 01:41:00,2025-11-18 07:41:00,6.60,915.49,0.80,0.35,1052.81,1,支付宝
706,646,赵六,2025-09-07 05:48:00,2025-09-07 08:48:00,3.30,216.48,1.11,0.67,385.33,1,银行卡
707,779,李四,2025-04-03 00:53:00,2025-04-03 05:53:00,5.30,419.76,1.49,0.45,814.33,1,校园一卡通
708,11,郭伟,2025-12-26 19:59:00,2025-12-26 02:59:00,7.40,1069.15,1.25,0.66,2042.08,1,银行卡
709,122,周九,2025-05-02 07:10:00,2025-05-02 11:10:00,4.40,388.39,0.95,0.51,567.05,1,银行卡
710,160,张三,2025-07-03 11:03:00,2025-07-03 13:03:00,2.70,336.04,1.22,0.55,594.79,1,银行卡
711,81,孙八,2024-12-22 01:09:00,2024-12-22 07:09:00,6.70,433.76,0.89,0.45,581.24,1,校园一卡通
712,784,孙八,2025-11-23 09:12:00,2025-11-23 14:12:00,5.50,175.89,1.44,0.38,320.12,1,校园一卡通
713,577,刘强,2024-12-05 14:01:00,2024-12-05 17:01:00,3.80,466.79,0.99,0.54,714.19,1,微信
714,873,王五,2024-04-04 04:06:00,2024-04-04 05:06:00,1.30,115.13,0.84,0.33,134.70,1,校园一卡通
715,994,胡涛,2025-01-28 22:03:00,2025-01-28 22:03:00,0.80,60.00,1.41,0.42,109.80,1,校园一卡通
716,475,赵六,2024-03-13 07:31:00,2024-03-13 12:31:00,5.00,639.60,1.13,0.36,953.00,1,校园一卡通
717,197,郑一,2025-12-04 19:55:00,2025-12-04 00:55:00,5.40,323.14,0.86,0.63,481.47,1,支付宝
718,345,钱七,2025-05-28 17:04:00,2025-05-28 20:04:00,3.30,170.48,1.04,0.42,248.90,1,支付宝
719,60,王五,2025-09-27 20:27:00,2025-09-27 03:27:00,7.70,210.21,1.17,0.39,327.93,1,银行卡
720,143,钱七,2024-12-07 00:41:00,2024-12-07 05:41:00,5.50,378.78,1.18,0.38,590.90,1,银行卡
721,54,刘强,2025-07-13 15:48:00,2025-07-13 19:48:00,4.10,192.58,1.35,0.36,329.31,1,微信
722,756,李四,2025-09-08 09:11:00,2025-09-08 14:11:00,5.70,544.64,0.84,0.36,653.56,0,校园一卡通
723,191,杨帆,2025-01-12 06:35:00,2025-01-12 07:35:00,1.50,245.64,1.37,0.37,427.41,1,银行卡
724,921,钱七,2025-07-13 11:16:00,2025-07-13 16:16:00,5.70,470.82,0.85,0.64,701.52,1,校园一卡通
725,703,王五,2024-06-22 06:13:00,2024-06-22 10:13:00,4.50,132.16,1.18,0.64,240.54,1,校园一卡通
726,42,朱磊,2024-10-15 05:35:00,2024-10-15 06:35:00,1.00,94.00,1.41,0.54,183.30,0,校园一卡通
727,306,王二,2024-11-06 11:47:00,2024-11-06 17:47:00,6.40,843.20,1.16,0.56,1450.30,1,校园一卡通
728,60,孙八,2025-11-24 12:06:00,2025-11-24 15:06:00,3.10,399.28,0.94,0.60,614.89,1,银行卡
729,336,何勇,2025-11-26 00:49:00,2025-11-26 07:49:00,7.00,864.36,1.39,0.65,1763.29,1,支付宝
730,288,何勇,2024-07-12 01:28:00,2024-07-12 03:28:00,2.70,84.35,1.36,0.69,172.91,1,校园一卡通
731,229,陈大,2024-11-11 13:33:00,2024-11-11 18:33:00,5.40,388.21,1.02,0.42,559.02,1,支付宝
732,207,高峰,2025-02-01 10:16:00,2025-02-01 13:16:00,3.60,495.90,1.44,0.56,991.80,1,支付宝
733,259,张三,2025-11-20 18:54:00,2025-11-20 22:54:00,4.40,363.44,1.26,0.42,610.58,1,校园一卡通
734,751,钱七,2024-02-06 00:59:00,2024-02-06 05:59:00,5.60,401.02,0.96,0.56,609.54,1,微信
735,982,李四,2025-01-07 19:05:00,2025-01-07 00:05:00,5.60,628.49,1.48,0.37,1162.70,1,微信
736,244,张三,2025-08-21 01:16:00,2025-08-21 07:16:00,6.90,811.44,1.44,0.68,1720.25,1,支付宝
737,704,孙八,2024-07-01 19:59:00,2024-07-01 19:59:00,0.90,73.49,1.43,0.48,140.36,1,微信
738,586,刘强,2024-02-07 22:06:00,2024-02-07 04:06:00,6.70,910.53,1.49,0.50,1811.95,1,校园一卡通
739,646,王五,2025-02-10 14:59:00,2025-02-10 14:59:00,0.60,75.36,1.33,0.59,144.69,1,支付宝
740,690,张三,2024-12-09 15:45:00,2024-12-09 18:45:00,3.70,274.17,1.36,0.31,457.86,1,校园一卡通
741,195,刘强,2025-01-05 17:42:00,2025-01-05 20:42:00,3.00,264.33,1.57,0.30,494.30,1,校园一卡通
742,154,陈大,2024-08-28 13:06:00,2024-08-28 17:06:00,4.80,295.78,1.21,0.50,505.78,1,校园一卡通
743,307,杨帆,2025-12-24 12:42:00,2025-12-24 18:42:00,6.40,495.30,0.85,0.39,614.17,0,微信
744,193,张三,2025-01-25 17:57:00,2025-01-25 21:57:00,4.20,214.03,0.84,0.41,267.54,1,银行卡
745,691,王五,2024-03-23 12:40:00,2024-03-23 13:40:00,1.30,163.80,0.97,0.59,255.53,1,银行卡
746,243,朱磊,2025-11-14 03:55:00,2025-11-14 08:55:00,5.40,582.77,1.47,0.52,1159.71,1,校园一卡通
747,647,朱磊,2024-06-25 02:13:00,2024-06-25 04:13:00,2.80,66.84,1.16,0.35,100.92,1,银行卡
748,970,黄明,2025-01-18 21:48:00,2025-01-18 00:48:00,3.10,386.97,0.85,0.65,580.46,1,银行卡
749,771,林小,2024-05-11 23:38:00,2024-05-11 03:38:00,4.60,568.88,1.46,0.41,1063.81,1,校园一卡通
750,870,胡涛,2024-06-04 01:00:00,2024-06-04 06:00:00,5.10,520.66,1.42,0.63,1067.35,1,银行卡
751,541,李四,2025-02-13 12:34:00,2025-02-13 13:34:00,1.90,206.11,0.86,0.59,298.86,1,校园一卡通
752,415,林小,2024-01-11 15:29:00,2024-01-11 18:29:00,3.40,359.38,1.28,0.46,625.32,1,微信
753,202,孙八,2024-09-06 12:52:00,2024-09-06 13:52:00,1.20,138.24,1.44,0.30,240.54,1,支付宝
754,87,周九,2024-07-25 20:18:00,2024-07-25 03:18:00,7.00,535.50,1.21,0.30,808.60,1,微信
755,152,王二,2025-04-19 05:54:00,2025-04-19 11:54:00,6.60,240.77,0.99,0.62,387.64,1,微信
756,725,郑一,2025-10-26 23:03:00,2025-10-26 02:03:00,3.70,484.33,1.57,0.31,910.54,1,校园一卡通
757,693,郭伟,2024-08-11 07:17:00,2024-08-11 09:17:00,2.30,132.62,1.56,0.69,298.39,1,银行卡
758,47,胡涛,2025-08-09 21:16:00,2025-08-09 00:16:00,3.70,411.99,1.02,0.33,556.19,1,微信
759,110,吴十,2025-08-24 04:41:00,2025-08-24 11:41:00,7.50,804.07,0.86,0.42,1029.22,1,微信
760,711,胡涛,2025-04-05 16:38:00,2025-04-05 20:38:00,4.70,675.95,0.90,0.62,1027.45,1,校园一卡通
761,506,吴十,2025-12-25 17:22:00,2025-12-25 20:22:00,3.30,300.37,1.40,0.68,624.76,1,微信
762,698,何勇,2025-12-26 03:50:00,2025-12-26 10:50:00,7.10,1060.74,1.57,0.60,2301.81,1,银行卡
763,95,何勇,2024-04-07 19:56:00,2024-04-07 22:56:00,3.60,519.84,1.43,0.30,899.32,1,微信
764,916,李四,2025-03-05 16:00:00,2025-03-05 23:00:00,7.40,697.97,1.20,0.46,1158.63,1,银行卡
765,708,林小,2024-06-06 20:52:00,2024-06-06 23:52:00,3.60,410.04,0.90,0.53,586.36,1,银行卡
766,575,杨帆,2025-05-23 21:09:00,2025-05-23 02:09:00,5.70,312.08,1.21,0.45,518.04,0,支付宝
767,753,王五,2024-09-13 16:52:00,2024-09-13 21:52:00,5.30,230.28,1.15,0.56,393.79,1,微信
768,773,钱七,2025-12-28 20:40:00,2025-12-28 02:40:00,6.90,381.57,1.07,0.67,663.93,1,支付宝
769,748,黄明,2025-11-08 03:01:00,2025-11-08 08:01:00,5.60,360.53,1.32,0.31,587.66,1,银行卡
770,925,胡涛,2025-05-02 19:59:00,2025-05-02 00:59:00,5.90,212.40,1.52,0.40,407.81,1,支付宝
771,166,吴十,2025-09-08 05:55:00,2025-09-08 09:55:00,4.30,624.88,1.53,0.55,1299.74,1,银行卡
772,154,黄明,2025-07-12 11:08:00,2025-07-12 14:08:00,3.40,92.00,0.93,0.41,123.29,1,支付宝
773,589,朱磊,2024-10-11 09:36:00,2024-10-11 17:36:00,8.00,744.80,1.07,0.44,1124.65,1,校园一卡通
774,914,孙八,2024-07-23 12:33:00,2024-07-23 20:33:00,8.20,530.38,1.41,0.37,944.07,1,微信
775,954,郭伟,2024-01-22 10:04:00,2024-01-22 17:04:00,7.30,345.73,1.25,0.64,653.43,1,微信
776,861,黄明,2025-12-17 17:24:00,2025-12-17 22:24:00,5.40,223.56,1.21,0.57,397.94,1,支付宝
777,245,吴十,2025-10-04 15:04:00,2025-10-04 22:04:00,7.60,691.60,1.02,0.51,1058.15,1,校园一卡通
778,947,何勇,2025-09-28 07:59:00,2025-09-28 07:59:00,0.60,41.71,1.59,0.46,85.51,1,银行卡
779,407,张三,2025-03-21 16:53:00,2025-03-21 18:53:00,2.00,210.18,1.43,0.35,374.12,1,支付宝
780,684,林小,2024-01-21 11:44:00,2024-01-21 12:44:00,1.40,62.78,1.46,0.65,132.46,1,支付宝
781,416,刘强,2025-06-02 09:03:00,2025-06-02 09:03:00,0.60,65.99,1.58,0.53,139.23,1,微信
782,610,黄明,2024-05-09 13:00:00,2024-05-09 21:00:00,8.30,1115.52,0.89,0.68,1751.37,1,校园一卡通
783,83,郑一,2024-06-23 22:07:00,2024-06-23 03:07:00,5.30,233.20,1.47,0.44,445.41,0,校园一卡通
784,697,赵六,2024-08-08 23:17:00,2024-08-08 06:17:00,7.10,178.92,1.39,0.59,354.26,1,银行卡
785,70,吴十,2025-07-14 08:33:00,2025-07-14 10:33:00,2.30,268.16,0.97,0.50,394.19,0,微信
786,329,林小,2024-03-20 03:33:00,2024-03-20 08:33:00,5.80,836.07,1.54,0.41,1630.34,1,支付宝
787,894,张三,2025-11-09 22:26:00,2025-11-09 00:26:00,2.60,312.00,1.28,0.45,539.76,1,校园一卡通
788,435,刘强,2024-08-04 04:24:00,2024-08-04 05:24:00,1.90,98.15,0.94,0.35,126.62,1,校园一卡通
789,874,朱磊,2025-06-14 23:05:00,2025-06-14 05:05:00,6.40,881.79,1.30,0.44,1534.32,1,校园一卡通
790,586,杨帆,2025-12-25 10:09:00,2025-12-25 14:09:00,4.60,504.25,1.01,0.61,816.89,1,支付宝
791,295,张三,2025-12-26 07:23:00,2025-12-26 10:23:00,3.50,356.16,1.31,0.49,641.09,1,校园一卡通
792,148,王二,2025-11-28 12:57:00,2025-11-28 19:57:00,7.30,499.32,1.36,0.35,853.84,1,微信
793,972,高峰,2025-01-16 07:01:00,2025-01-16 07:01:00,0.50,14.70,0.85,0.40,18.38,1,银行卡
794,1,高峰,2025-10-25 08:40:00,2025-10-25 09:40:00,1.00,77.60,0.80,0.51,101.66,1,银行卡
795,862,李四,2025-09-23 18:48:00,2025-09-23 01:48:00,7.00,271.04,0.91,0.65,422.82,1,支付宝
796,242,孙八,2025-02-11 07:48:00,2025-02-11 13:48:00,6.70,646.68,1.06,0.49,1002.36,1,校园一卡通
797,534,王二,2025-09-06 22:40:00,2025-09-06 00:40:00,2.80,89.38,1.01,0.58,142.11,1,微信
798,662,何勇,2024-05-24 23:06:00,2024-05-24 03:06:00,4.00,224.84,1.19,0.59,400.22,1,银行卡
799,209,周九,2025-10-02 15:57:00,2025-10-02 16:57:00,1.30,71.76,0.93,0.65,113.38,1,校园一卡通
800,353,李四,2025-10-11 00:03:00,2025-10-11 04:03:00,4.70,603.06,1.03,0.62,995.04,1,支付宝
801,264,何勇,2025-04-25 02:29:00,2025-04-25 10:29:00,8.00,711.36,1.28,0.64,1365.81,1,校园一卡通
802,781,郑一,2025-02-25 12:51:00,2025-02-25 14:51:00,2.50,320.40,0.88,0.63,483.80,1,银行卡
803,689,赵六,2025-12-10 00:39:00,2025-12-10 05:39:00,5.30,586.71,1.28,0.65,1132.35,1,微信
804,742,何勇,2024-08-01 16:25:00,2024-08-01 17:25:00,1.70,147.08,1.38,0.30,247.10,1,校园一卡通
805,374,郭伟,2025-02-01 08:07:00,2025-02-01 13:07:00,5.00,193.05,1.52,0.60,409.27,1,支付宝
806,840,王五,2025-12-03 23:19:00,2025-12-03 05:19:00,6.60,323.53,1.50,0.64,692.36,1,支付宝
807,36,胡涛,2025-01-03 10:51:00,2025-01-03 14:51:00,4.70,397.29,1.44,0.62,818.42,1,银行卡
808,403,王二,2025-02-02 09:11:00,2025-02-02 10:11:00,1.30,102.45,1.28,0.69,201.83,1,微信
809,47,赵六,2025-02-28 01:05:00,2025-02-28 09:05:00,8.40,708.88,1.14,0.44,1120.02,1,银行卡
810,202,周九,2025-05-04 23:10:00,2025-05-04 06:10:00,7.60,1027.82,1.04,0.65,1737.02,1,银行卡
811,956,郭伟,2025-08-25 09:22:00,2025-08-25 13:22:00,4.90,407.68,1.57,0.65,905.05,0,支付宝
812,47,吴十,2025-03-05 10:43:00,2025-03-05 16:43:00,6.40,203.65,0.88,0.54,289.18,1,微信
813,70,赵六,2025-04-25 09:38:00,2025-04-25 16:38:00,7.80,674.31,1.53,0.68,1490.23,1,银行卡
814,59,陈大,2025-03-24 05:19:00,2025-03-24 08:19:00,3.30,97.61,1.38,0.49,182.54,1,微信
815,28,郭伟,2024-07-16 03:00:00,2024-07-16 09:00:00,6.80,603.43,0.90,0.60,905.15,1,微信
816,933,王二,2024-10-18 07:15:00,2024-10-18 10:15:00,3.80,153.82,1.04,0.36,215.35,1,微信
817,259,郭伟,2024-02-13 17:40:00,2024-02-13 22:40:00,5.90,550.00,1.21,0.41,891.00,1,银行卡
818,561,陈大,2024-01-16 06:59:00,2024-01-16 07:59:00,1.90,137.18,1.21,0.60,248.30,1,校园一卡通
819,192,陈大,2025-02-18 17:27:00,2025-02-18 22:27:00,5.30,413.93,1.12,0.66,736.80,1,支付宝
820,579,赵六,2025-07-19 16:05:00,2025-07-19 22:05:00,6.70,825.44,1.53,0.51,1683.90,1,校园一卡通
821,512,孙八,2024-09-18 21:27:00,2024-09-18 01:27:00,4.30,133.47,1.02,0.61,217.56,1,银行卡
822,787,王二,2024-02-10 03:40:00,2024-02-10 10:40:00,7.00,253.89,1.20,0.40,406.22,1,校园一卡通
823,299,李四,2024-01-22 04:11:00,2024-01-22 04:11:00,0.60,38.45,1.39,0.63,77.66,1,微信
824,411,林小,2025-12-19 08:19:00,2025-12-19 15:19:00,7.70,1281.13,1.35,0.53,2408.52,1,支付宝
825,198,朱磊,2024-11-14 04:09:00,2024-11-14 12:09:00,8.00,428.64,0.85,0.31,497.22,1,银行卡
826,606,何勇,2025-11-01 10:05:00,2025-11-01 11:05:00,1.90,101.84,0.96,0.66,164.98,1,银行卡
827,401,张三,2024-02-18 12:54:00,2024-02-18 18:54:00,6.10,762.87,1.23,0.34,1197.70,1,微信
828,579,孙八,2024-08-01 21:34:00,2024-08-01 03:34:00,6.10,491.11,0.84,0.40,608.98,1,微信
829,96,何勇,2025-09-10 05:01:00,2025-09-10 07:01:00,2.00,107.10,1.44,0.66,224.91,1,校园一卡通
830,3,王五,2025-04-27 21:15:00,2025-04-27 03:15:00,6.90,973.73,1.54,0.64,2122.73,1,微信
831,885,何勇,2024-10-27 17:31:00,2024-10-27 20:31:00,3.30,473.71,1.30,0.40,805.32,1,微信
832,654,林小,2024-03-28 21:01:00,2024-03-28 02:01:00,5.20,592.64,1.01,0.53,912.67,1,支付宝
833,813,钱七,2025-09-18 14:58:00,2025-09-18 22:58:00,8.00,1337.60,1.16,0.52,2247.17,1,支付宝
834,660,王五,2024-01-18 09:19:00,2024-01-18 12:19:00,3.00,273.24,0.85,0.30,314.23,1,微信
835,185,朱磊,2025-08-15 04:53:00,2025-08-15 12:53:00,8.20,323.90,1.06,0.65,553.87,1,支付宝
836,171,李四,2024-11-27 13:45:00,2024-11-27 16:45:00,3.40,135.46,1.13,0.65,241.11,1,银行卡
837,544,杨帆,2025-03-13 21:11:00,2025-03-13 03:11:00,6.80,680.68,1.32,0.62,1320.52,1,银行卡
838,484,张三,2024-07-12 22:25:00,2024-07-12 06:25:00,8.10,1000.67,1.16,0.36,1521.02,1,银行卡
839,187,王五,2025-10-15 04:28:00,2025-10-15 05:28:00,1.70,261.70,1.58,0.51,546.95,1,校园一卡通
840,819,林小,2024-07-12 17:05:00,2024-07-12 23:05:00,6.20,614.54,1.03,0.45,909.53,1,校园一卡通
841,218,王五,2025-09-08 17:31:00,2025-09-08 22:31:00,5.10,469.96,1.02,0.41,672.05,1,校园一卡通
842,606,朱磊,2024-03-13 19:44:00,2024-03-13 00:44:00,5.60,576.58,1.59,0.61,1268.47,1,银行卡
843,125,王二,2024-09-27 20:40:00,2024-09-27 04:40:00,8.10,966.17,0.94,0.61,1497.56,1,校园一卡通
844,341,郑一,2024-04-07 01:57:00,2024-04-07 06:57:00,5.20,444.81,1.51,0.39,845.14,0,校园一卡通
845,820,朱磊,2025-05-10 16:37:00,2025-05-10 21:37:00,5.40,598.97,1.47,0.37,1102.10,1,校园一卡通
846,99,李四,2025-07-23 01:25:00,2025-07-23 05:25:00,4.50,580.54,1.43,0.39,1056.59,1,银行卡
847,338,吴十,2025-04-16 09:59:00,2025-04-16 12:59:00,3.00,386.28,1.09,0.59,648.95,1,微信
848,988,郑一,2024-06-10 08:17:00,2024-06-10 12:17:00,4.80,576.00,1.18,0.57,1008.00,1,校园一卡通
849,519,王五,2024-12-19 09:36:00,2024-12-19 12:36:00,3.90,339.77,0.89,0.33,414.52,1,支付宝
850,943,林小,2024-02-17 05:28:00,2024-02-17 11:28:00,6.70,883.86,1.17,0.47,1449.54,0,支付宝
851,438,王五,2025-06-07 15:25:00,2025-06-07 17:25:00,2.10,125.24,1.32,0.54,232.95,1,支付宝
852,533,朱磊,2024-05-08 21:45:00,2024-05-08 02:45:00,5.30,228.54,1.08,0.63,390.80,1,校园一卡通
853,790,王二,2025-12-04 17:05:00,2025-12-04 17:05:00,0.50,14.40,1.22,0.32,22.18,1,微信
854,859,王五,2024-06-07 00:31:00,2024-06-07 02:31:00,2.80,110.60,0.98,0.36,148.20,1,微信
855,716,刘强,2025-10-22 11:00:00,2025-10-22 11:00:00,0.60,101.95,1.11,0.67,181.47,0,校园一卡通
856,460,周九,2025-07-28 04:21:00,2025-07-28 11:21:00,7.50,514.50,1.36,0.68,1049.58,1,银行卡
857,265,何勇,2024-09-03 00:58:00,2024-09-03 06:58:00,6.80,875.64,1.40,0.64,1786.30,1,微信
858,538,李四,2025-06-15 09:24:00,2025-06-15 14:24:00,5.00,334.40,1.57,0.33,635.36,1,银行卡
859,736,刘强,2024-04-28 00:44:00,2024-04-28 00:44:00,0.70,66.54,1.41,0.33,115.78,1,银行卡
860,630,赵六,2025-11-17 04:28:00,2025-11-17 09:28:00,5.80,1004.85,0.88,0.35,1235.97,1,支付宝
861,210,王五,2024-01-13 02:07:00,2024-01-13 09:07:00,7.60,408.27,1.06,0.44,612.41,1,支付宝
862,134,胡涛,2025-05-04 00:34:00,2025-05-04 06:34:00,6.50,568.10,1.46,0.62,1181.65,1,银行卡
863,933,钱七,2024-03-14 05:59:00,2024-03-14 11:59:00,6.60,662.11,1.31,0.37,1112.35,1,校园一卡通
864,966,陈大,2025-02-07 17:07:00,2025-02-07 22:07:00,5.10,132.19,0.83,0.56,183.75,1,支付宝
865,570,郑一,2025-02-26 09:00:00,2025-02-26 16:00:00,7.20,166.32,1.59,0.41,332.64,1,银行卡
866,682,郭伟,2024-07-15 02:37:00,2024-07-15 02:37:00,0.90,54.72,1.43,0.62,112.18,1,银行卡
867,469,王二,2024-07-07 11:36:00,2024-07-07 17:36:00,6.80,352.51,1.35,0.48,645.10,1,支付宝
868,243,李四,2025-08-22 02:21:00,2025-08-22 09:21:00,7.00,898.38,0.98,0.55,1374.52,1,微信
869,707,陈大,2025-12-17 16:21:00,2025-12-17 23:21:00,7.00,740.88,1.12,0.35,1089.09,1,微信
870,15,吴十,2024-12-23 10:45:00,2024-12-23 16:45:00,6.20,630.23,1.20,0.40,1008.37,1,微信
871,655,郑一,2024-08-07 09:21:00,2024-08-07 12:21:00,3.00,351.09,1.35,0.38,607.39,1,支付宝
872,494,朱磊,2024-05-24 18:06:00,2024-05-24 20:06:00,2.60,294.19,1.28,0.65,567.79,1,校园一卡通
873,564,孙八,2024-05-27 08:15:00,2024-05-27 09:15:00,1.10,159.90,1.45,0.63,332.58,1,银行卡
874,609,孙八,2024-11-11 20:34:00,2024-11-11 00:34:00,4.20,724.42,1.31,0.56,1354.66,1,银行卡
875,58,郭伟,2024-03-09 09:59:00,2024-03-09 12:59:00,3.80,397.94,1.30,0.39,672.51,1,微信
876,766,高峰,2024-06-01 00:07:00,2024-06-01 05:07:00,5.80,555.41,1.12,0.69,1005.29,1,校园一卡通
877,371,吴十,2025-12-23 21:46:00,2025-12-23 00:46:00,3.00,355.74,0.92,0.32,441.12,0,银行卡
878,762,周九,2025-09-28 09:11:00,2025-09-28 16:11:00,7.20,1204.63,1.22,0.69,2300.85,1,校园一卡通
879,893,高峰,2024-05-23 02:43:00,2024-05-23 02:43:00,0.50,54.76,1.39,0.31,93.09,1,银行卡
880,341,黄明,2025-04-03 17:42:00,2025-04-03 20:42:00,3.60,337.43,1.49,0.34,617.49,1,支付宝
881,988,吴十,2025-04-09 15:17:00,2025-04-09 22:17:00,7.50,604.80,1.12,0.44,943.49,1,校园一卡通
882,788,胡涛,2024-09-08 16:48:00,2024-09-08 20:48:00,4.10,434.31,0.94,0.43,595.01,1,微信
883,176,林小,2025-01-22 07:37:00,2025-01-22 07:37:00,0.90,41.40,1.55,0.64,90.67,1,微信
884,362,林小,2025-10-06 10:17:00,2025-10-06 17:17:00,7.40,550.56,1.53,0.64,1194.72,1,微信
885,277,王二,2025-03-05 11:34:00,2025-03-05 14:34:00,3.20,348.06,0.93,0.38,455.96,1,校园一卡通
886,929,朱磊,2025-05-23 18:02:00,2025-05-23 22:02:00,4.80,512.26,1.28,0.64,983.53,1,银行卡
887,986,张三,2025-03-09 21:51:00,2025-03-09 00:51:00,3.40,494.16,0.94,0.53,726.41,1,支付宝
888,104,赵六,2025-05-18 01:01:00,2025-05-18 06:01:00,5.10,881.28,1.37,0.46,1612.74,1,微信
889,172,胡涛,2024-07-08 09:44:00,2024-07-08 15:44:00,6.50,491.92,1.55,0.68,1096.98,1,支付宝
890,204,周九,2025-12-01 11:24:00,2025-12-01 11:24:00,0.80,34.94,1.04,0.41,50.67,1,银行卡
891,435,杨帆,2025-10-14 15:04:00,2025-10-14 17:04:00,2.20,132.09,1.15,0.30,191.53,1,银行卡
892,788,陈大,2025-05-15 04:10:00,2025-05-15 06:10:00,2.60,102.75,1.01,0.51,156.18,1,校园一卡通
893,237,陈大,2024-09-12 06:58:00,2024-09-12 06:58:00,0.50,51.38,1.14,0.40,79.12,1,银行卡
894,47,吴十,2024-08-09 22:46:00,2024-08-09 03:46:00,5.90,599.91,0.96,0.44,839.88,1,校园一卡通
895,657,陈大,2025-09-09 19:31:00,2025-09-09 02:31:00,7.90,350.76,1.10,0.41,529.65,1,微信
896,192,高峰,2025-07-10 14:47:00,2025-07-10 20:47:00,6.00,369.36,0.83,0.64,542.96,1,银行卡
897,631,郑一,2025-11-13 18:20:00,2025-11-13 18:20:00,0.80,76.90,0.98,0.57,119.19,1,支付宝
898,349,刘强,2024-11-22 16:59:00,2024-11-22 23:59:00,7.40,523.03,1.35,0.46,946.69,1,支付宝
899,510,赵六,2025-07-22 04:44:00,2025-07-22 08:44:00,4.20,262.12,0.88,0.45,348.62,1,银行卡
900,212,周九,2024-11-23 15:20:00,2024-11-23 20:20:00,5.90,564.98,1.23,0.33,881.38,1,校园一卡通
901,853,孙八,2025-05-04 02:48:00,2025-05-04 04:48:00,2.50,119.35,1.07,0.34,168.28,1,支付宝
902,216,赵六,2025-08-15 09:29:00,2025-08-15 11:29:00,2.60,198.28,1.45,0.60,406.47,1,银行卡
903,606,郭伟,2025-05-26 15:20:00,2025-05-26 22:20:00,7.30,425.01,1.24,0.47,726.76,1,银行卡
904,194,黄明,2025-10-12 18:54:00,2025-10-12 01:54:00,7.90,667.39,0.90,0.50,934.35,1,校园一卡通
905,744,高峰,2024-02-13 12:12:00,2024-02-13 13:12:00,1.20,44.56,1.31,0.63,86.44,1,微信
906,811,胡涛,2024-05-14 16:10:00,2024-05-14 00:10:00,8.30,1164.24,1.00,0.68,1955.93,1,校园一卡通
907,355,林小,2024-01-10 09:28:00,2024-01-10 10:28:00,1.60,108.62,1.37,0.47,199.87,1,校园一卡通
908,600,杨帆,2024-11-25 07:24:00,2024-11-25 08:24:00,1.80,238.03,0.81,0.62,340.39,1,校园一卡通
909,809,王五,2024-06-23 08:28:00,2024-06-23 11:28:00,3.90,199.37,1.49,0.61,418.67,1,微信
910,926,朱磊,2024-05-14 14:11:00,2024-05-14 15:11:00,1.70,126.97,1.55,0.35,241.25,0,支付宝
911,651,何勇,2025-07-14 14:56:00,2025-07-14 16:56:00,2.50,244.20,1.01,0.50,368.74,1,校园一卡通
912,88,李四,2025-12-01 17:22:00,2025-12-01 23:22:00,6.60,759.53,0.85,0.32,888.65,0,微信
913,417,何勇,2024-03-06 19:51:00,2024-03-06 22:51:00,3.90,583.13,1.26,0.57,1067.12,1,校园一卡通
914,791,朱磊,2024-06-19 08:00:00,2024-06-19 11:00:00,3.70,210.71,1.00,0.38,290.79,0,银行卡
915,799,王五,2024-09-25 17:38:00,2024-09-25 18:38:00,1.70,116.69,1.50,0.40,221.71,1,微信
916,905,李四,2025-04-05 16:11:00,2025-04-05 20:11:00,4.90,736.71,0.95,0.60,1141.91,1,支付宝
917,620,胡涛,2024-02-10 04:43:00,2024-02-10 05:43:00,1.10,141.37,1.44,0.54,279.92,1,支付宝
918,205,何勇,2024-10-15 16:43:00,2024-10-15 00:43:00,8.30,734.96,0.83,0.52,992.20,1,微信
919,163,何勇,2024-09-12 01:46:00,2024-09-12 03:46:00,2.60,338.62,1.36,0.37,585.82,1,支付宝
920,765,钱七,2024-01-02 14:49:00,2024-01-02 19:49:00,5.40,433.62,1.56,0.53,906.27,1,银行卡
921,999,郭伟,2025-01-11 09:03:00,2025-01-11 15:03:00,6.90,472.86,0.97,0.42,657.27,0,校园一卡通
922,628,张三,2024-04-21 10:30:00,2024-04-21 15:30:00,5.10,566.10,1.27,0.41,951.05,0,校园一卡通
923,523,高峰,2025-04-19 15:26:00,2025-04-19 20:26:00,5.80,780.91,0.92,0.42,1046.42,1,微信
924,291,高峰,2025-05-09 03:46:00,2025-05-09 07:46:00,4.30,148.09,1.40,0.39,265.08,1,支付宝
925,688,王二,2025-02-01 00:15:00,2025-02-01 03:15:00,3.00,274.77,1.07,0.63,467.11,1,微信
926,279,林小,2025-05-08 17:40:00,2025-05-08 18:40:00,1.90,108.30,1.47,0.67,231.76,1,银行卡
927,978,林小,2025-10-04 19:25:00,2025-10-04 00:25:00,5.70,291.27,1.33,0.35,489.33,1,校园一卡通
928,621,李四,2025-07-23 11:43:00,2025-07-23 15:43:00,4.70,525.08,1.32,0.51,960.90,1,校园一卡通
929,404,钱七,2025-04-24 10:21:00,2025-04-24 13:21:00,3.20,469.92,1.55,0.68,1047.92,1,银行卡
930,15,吴十,2025-05-27 02:57:00,2025-05-27 10:57:00,8.10,838.27,0.92,0.61,1282.55,1,微信
931,890,黄明,2024-07-01 23:10:00,2024-07-01 05:10:00,6.90,199.27,0.92,0.41,265.03,1,银行卡
932,113,孙八,2025-05-17 21:55:00,2025-05-17 22:55:00,1.90,150.10,0.94,0.40,201.13,1,银行卡
933,592,张三,2025-03-23 01:24:00,2025-03-23 03:24:00,2.80,170.24,1.17,0.51,286.00,1,微信
934,791,孙八,2025-02-12 13:32:00,2025-02-12 18:32:00,5.10,810.19,1.43,0.33,1425.93,1,微信
935,754,孙八,2025-11-12 16:44:00,2025-11-12 22:44:00,6.30,852.20,1.23,0.47,1448.74,1,支付宝
936,537,林小,2024-01-22 20:22:00,2024-01-22 21:22:00,1.50,194.40,0.86,0.31,227.45,1,校园一卡通
937,27,胡涛,2024-10-22 07:58:00,2024-10-22 15:58:00,8.40,461.16,0.92,0.66,728.63,1,校园一卡通
938,426,郭伟,2025-10-27 17:18:00,2025-10-27 22:18:00,5.00,485.85,1.14,0.48,787.08,1,校园一卡通
939,393,郭伟,2025-07-11 10:18:00,2025-07-11 17:18:00,7.70,1154.69,1.16,0.46,1870.60,1,支付宝
940,277,朱磊,2024-07-06 15:28:00,2024-07-06 17:28:00,2.90,169.82,1.08,0.36,244.55,1,校园一卡通
941,72,郭伟,2024-08-02 01:03:00,2024-08-02 04:03:00,3.20,372.61,1.56,0.69,838.37,1,校园一卡通
942,857,周九,2024-08-18 15:35:00,2024-08-18 17:35:00,2.40,316.37,0.80,0.34,360.66,1,微信
943,726,孙八,2025-04-23 11:43:00,2025-04-23 18:43:00,7.20,354.24,1.37,0.67,722.65,1,支付宝
944,942,钱七,2024-11-24 19:22:00,2024-11-24 21:22:00,2.60,269.52,0.87,0.66,412.36,1,校园一卡通
945,175,李四,2024-07-14 22:14:00,2024-07-14 23:14:00,1.20,46.87,1.47,0.65,99.37,0,银行卡
946,264,高峰,2024-01-20 12:42:00,2024-01-20 14:42:00,2.30,303.60,1.20,0.35,470.58,1,支付宝
947,313,孙八,2024-06-08 05:52:00,2024-06-08 12:52:00,7.70,303.53,1.31,0.38,512.97,1,校园一卡通
948,226,王二,2025-01-14 06:05:00,2025-01-14 10:05:00,4.20,439.82,1.59,0.53,932.43,0,银行卡
949,618,王五,2024-02-26 10:22:00,2024-02-26 15:22:00,5.40,140.78,0.97,0.56,215.39,1,支付宝
950,815,朱磊,2024-05-09 18:12:00,2024-05-09 00:12:00,6.80,915.55,1.56,0.49,1876.88,1,校园一卡通
951,457,张三,2024-07-14 07:47:00,2024-07-14 08:47:00,1.50,117.60,1.58,0.52,246.96,1,校园一卡通
952,789,赵六,2024-03-18 19:01:00,2024-03-18 00:01:00,5.10,545.85,0.96,0.48,786.03,1,微信
953,979,何勇,2025-12-18 23:04:00,2025-12-18 04:04:00,5.00,221.25,1.10,0.65,387.19,1,微信
954,451,郑一,2025-05-19 13:44:00,2025-05-19 16:44:00,3.70,432.01,1.48,0.65,920.19,1,微信
955,870,陈大,2024-02-23 18:40:00,2024-02-23 19:40:00,1.70,105.93,1.53,0.44,208.68,1,支付宝
956,229,张三,2024-12-01 11:14:00,2024-12-01 17:14:00,6.30,457.88,1.07,0.39,668.51,1,校园一卡通
957,226,林小,2024-06-18 17:13:00,2024-06-18 20:13:00,3.90,387.39,0.98,0.31,499.73,1,支付宝
958,52,郭伟,2025-01-24 16:49:00,2025-01-24 20:49:00,4.10,400.37,0.91,0.33,496.45,1,微信
959,663,钱七,2025-12-05 22:52:00,2025-12-05 04:52:00,6.20,886.85,1.36,0.67,1800.30,1,支付宝
960,923,郑一,2024-04-04 00:14:00,2024-04-04 01:14:00,1.20,49.25,1.03,0.59,79.78,1,支付宝
961,450,王五,2025-06-18 07:47:00,2025-06-18 15:47:00,8.10,201.69,1.08,0.48,314.64,1,银行卡
962,951,刘强,2025-10-24 08:49:00,2025-10-24 11:49:00,3.10,138.38,1.59,0.62,305.83,1,校园一卡通
963,579,钱七,2025-12-07 20:49:00,2025-12-07 21:49:00,1.90,242.82,0.83,0.66,361.80,1,微信
964,431,郭伟,2024-05-20 10:28:00,2024-05-20 14:28:00,4.60,623.90,1.22,0.59,1129.26,1,支付宝
965,915,杨帆,2024-12-25 23:45:00,2024-12-25 06:45:00,7.90,1230.50,1.10,0.62,2116.47,1,支付宝
966,988,钱七,2025-02-26 22:03:00,2025-02-26 05:03:00,7.50,1201.50,1.31,0.45,2114.64,1,校园一卡通
967,266,黄明,2024-12-13 19:06:00,2024-12-13 01:06:00,6.60,210.21,1.19,0.61,378.38,1,银行卡
968,290,陈大,2024-06-06 21:09:00,2024-06-06 21:09:00,0.90,54.31,1.14,0.64,96.68,1,校园一卡通
969,70,钱七,2025-07-03 09:30:00,2025-07-03 11:30:00,2.10,234.70,0.93,0.63,366.13,0,银行卡
970,56,朱磊,2025-01-09 07:30:00,2025-01-09 09:30:00,2.30,253.53,1.42,0.60,512.13,0,微信
971,771,何勇,2025-06-10 22:29:00,2025-06-10 05:29:00,7.90,568.80,0.98,0.35,756.50,0,微信
972,844,刘强,2024-12-01 23:47:00,2024-12-01 04:47:00,5.80,838.27,1.29,0.30,1332.86,1,校园一卡通
973,15,朱磊,2025-07-13 16:12:00,2025-07-13 23:12:00,7.40,383.54,0.83,0.31,437.24,1,支付宝
974,434,王五,2025-05-06 20:26:00,2025-05-06 03:26:00,7.70,517.67,1.07,0.41,766.15,1,银行卡
975,77,赵六,2025-02-21 11:30:00,2025-02-21 13:30:00,2.00,174.80,0.89,0.67,272.69,1,银行卡
976,997,赵六,2025-08-12 20:49:00,2025-08-12 03:49:00,7.70,524.22,1.06,0.32,723.42,1,校园一卡通
977,12,林小,2025-02-14 06:51:00,2025-02-14 11:51:00,5.70,721.91,1.59,0.42,1451.03,1,银行卡
978,135,王二,2024-07-23 13:49:00,2024-07-23 16:49:00,3.20,321.02,1.37,0.39,565.00,1,微信
979,880,高峰,2024-06-21 20:32:00,2024-06-21 23:32:00,3.00,522.72,1.32,0.35,872.94,1,支付宝
980,934,李四,2025-08-15 11:55:00,2025-08-15 14:55:00,3.80,356.21,1.51,0.42,687.49,1,微信
981,458,张三,2024-02-14 15:57:00,2024-02-14 19:57:00,4.90,542.72,1.14,0.44,857.50,1,微信
982,967,钱七,2025-06-19 00:52:00,2025-06-19 06:52:00,6.70,632.14,1.06,0.54,1011.43,1,支付宝
983,923,刘强,2024-09-10 07:57:00,2024-09-10 08:57:00,1.60,100.35,1.26,0.41,167.59,1,校园一卡通
984,600,高峰,2024-03-20 01:55:00,2024-03-20 03:55:00,2.60,422.81,1.33,0.39,727.24,1,校园一卡通
985,422,周九,2024-03-04 04:14:00,2024-03-04 06:14:00,2.30,183.82,1.14,0.52,305.13,1,校园一卡通
986,232,郑一,2024-06-09 05:09:00,2024-06-09 12:09:00,7.80,1318.98,0.86,0.65,1991.66,1,支付宝
987,199,孙八,2025-01-14 23:20:00,2025-01-14 01:20:00,2.90,92.65,0.88,0.52,129.72,1,微信
988,609,高峰,2025-08-06 03:17:00,2025-08-06 05:17:00,2.10,161.28,1.16,0.35,243.53,1,银行卡
989,598,胡涛,2024-11-10 23:48:00,2024-11-10 00:48:00,1.60,194.88,1.21,0.42,317.65,1,微信
990,672,黄明,2024-03-05 04:06:00,2024-03-05 10:06:00,6.20,381.67,1.20,0.48,641.21,1,校园一卡通
991,400,朱磊,2024-02-14 19:17:00,2024-02-14 22:17:00,3.20,133.63,1.01,0.58,212.47,1,支付宝
992,620,孙八,2025-12-16 14:17:00,2025-12-16 16:17:00,2.00,86.00,1.06,0.48,132.44,1,银行卡
993,479,黄明,2025-12-23 03:10:00,2025-12-23 08:10:00,5.80,299.63,0.84,0.55,416.48,1,微信
994,510,孙八,2025-08-15 18:01:00,2025-08-15 02:01:00,8.30,595.61,0.94,0.30,738.55,1,银行卡
995,160,钱七,2025-08-24 04:41:00,2025-08-24 11:41:00,7.00,383.04,0.94,0.66,612.86,1,微信
996,736,何勇,2025-07-12 09:49:00,2025-07-12 13:49:00,4.20,145.53,1.59,0.51,305.61,1,支付宝
997,662,赵六,2024-10-17 03:59:00,2024-10-17 11:59:00,8.30,1261.35,1.34,0.43,2232.59,1,支付宝
998,512,胡涛,2025-01-25 18:40:00,2025-01-25 21:40:00,3.30,88.93,1.23,0.42,146.74,1,银行卡
999,390,杨帆,2024-03-26 01:01:00,2024-03-26 02:01:00,1.60,193.10,1.57,0.49,397.79,1,银行卡
1000,70,吴十,2025-10-18 22:15:00,2025-10-18 04:15:00,6.20,637.48,1.44,0.53,1255.84,1,微信
